,pfam,occurances,uniqueGenomes
0,PF03591,2,2
1,PF08305,6,2
2,PF10048,2,2
3,PF15943,1,1
4,PF17432,4,1
5,PF04452,6,6
6,PF17202,3,1
7,PF10727,6,3
8,PF07196,7,2
9,PF02590,9,9
10,PF16670,1,1
11,PF12694,1,1
12,PF04203,4,2
13,PF17956,12,4
14,PF01012,14,5
15,PF02498,1,1
16,PF07027,1,1
17,PF10982,2,2
18,PF13797,1,1
19,PF01954,1,1
20,PF08323,27,14
21,PF01406,16,8
22,PF05331,5,4
23,PF13416,39,34
24,PF12843,1,1
25,PF03170,2,2
26,PF13238,5,5
27,PF13857,4,2
28,PF03772,7,3
29,PF01975,4,4
30,PF05052,1,1
31,PF08849,1,1
32,PF11208,1,1
33,PF18583,4,2
34,PF03721,18,5
35,PF14305,1,1
36,PF08838,4,4
37,PF13685,1,1
38,PF14139,3,3
39,PF00392,190,87
40,PF16200,8,4
41,PF01048,13,11
42,PF00441,165,43
43,PF00698,14,4
44,PF13665,1,1
45,PF00111,83,39
46,PF14353,1,1
47,PF02801,24,8
48,PF03389,10,5
49,PF03814,6,6
50,PF07441,12,12
51,PF00311,6,6
52,PF04361,1,1
53,PF02784,30,14
54,PF02769,32,14
55,PF09977,1,1
56,PF16538,6,2
57,PF06525,1,1
58,PF08544,26,12
59,PF06056,4,2
60,PF08501,2,2
61,PF06684,2,2
62,PF14446,4,1
63,PF01934,3,3
64,PF13401,6,4
65,PF05292,2,1
66,PF00942,4,2
67,PF09630,1,1
68,PF11396,1,1
69,PF02628,9,6
70,PF02056,8,4
71,PF02558,6,3
72,PF03942,2,2
73,PF01478,3,2
74,PF18184,2,1
75,PF00800,1,1
76,PF03965,7,6
77,PF00825,6,6
78,PF04234,2,2
79,PF03840,9,9
80,PF06527,3,2
81,PF11809,2,1
82,PF12860,15,5
83,PF10925,1,1
84,PF09837,3,3
85,PF06114,21,12
86,PF12899,2,2
87,PF03724,4,3
88,PF13932,16,8
89,PF15781,2,2
90,PF18582,2,2
91,PF12576,1,1
92,PF07291,4,3
93,PF02322,18,17
94,PF00578,70,49
95,PF13180,57,25
96,PF04263,4,2
97,PF09313,1,1
98,PF06993,2,2
99,PF05661,2,2
100,PF10119,2,1
101,PF13481,17,7
102,PF18844,1,1
103,PF00589,102,61
104,PF12796,5,4
105,PF01230,14,13
106,PF08364,12,3
107,PF13763,1,1
108,PF01841,22,11
109,PF05724,3,3
110,PF08592,3,3
111,PF09836,4,4
112,PF16317,2,1
113,PF06071,10,5
114,PF02475,1,1
115,PF03783,9,9
116,PF01192,8,8
117,PF12170,9,3
118,PF01557,25,18
119,PF07687,70,33
120,PF13500,11,11
121,PF06108,1,1
122,PF00326,47,28
123,PF00164,2,2
124,PF18143,1,1
125,PF06029,3,1
126,PF03841,1,1
127,PF04519,5,5
128,PF05209,4,2
129,PF09344,1,1
130,PF14525,10,5
131,PF14349,1,1
132,PF06884,5,5
133,PF03780,1,1
134,PF01253,4,4
135,PF02646,4,4
136,PF07631,20,4
137,PF12792,2,1
138,PF14107,1,1
139,PF01593,50,37
140,PF07934,2,1
141,PF00185,10,5
142,PF04296,1,1
143,PF09994,2,2
144,PF13083,1,1
145,PF01546,74,37
146,PF00999,41,24
147,PF11431,1,1
148,PF06338,1,1
149,PF07998,1,1
150,PF01653,15,3
151,PF01464,34,24
152,PF00140,60,13
153,PF05491,12,4
154,PF02768,33,11
155,PF14310,18,5
156,PF14743,2,1
157,PF00107,176,79
158,PF09176,10,6
159,PF10038,4,4
160,PF10652,2,2
161,PF04265,4,2
162,PF00696,48,28
163,PF00750,3,1
164,PF09210,6,2
165,PF04285,1,1
166,PF07790,4,4
167,PF00004,150,49
168,PF03512,1,1
169,PF05171,1,1
170,PF00254,29,16
171,PF02361,6,6
172,PF04166,3,3
173,PF03958,5,3
174,PF08840,1,1
175,PF02592,5,5
176,PF05721,9,9
177,PF17148,3,1
178,PF13599,13,10
179,PF17201,6,2
180,PF07506,4,2
181,PF03484,20,4
182,PF07187,2,2
183,PF07238,13,11
184,PF05117,2,1
185,PF00984,18,5
186,PF13542,18,5
187,PF02586,8,8
188,PF01180,3,3
189,PF01321,28,12
190,PF02985,2,1
191,PF02092,2,1
192,PF00016,95,45
193,PF00801,20,8
194,PF01568,102,30
195,PF02775,120,46
196,PF04509,1,1
197,PF02670,24,8
198,PF17806,15,3
199,PF03831,16,8
200,PF10632,5,1
201,PF10134,1,1
202,PF10566,9,3
203,PF01042,28,27
204,PF13570,10,5
205,PF00633,41,14
206,PF10145,1,1
207,PF03063,1,1
208,PF08863,1,1
209,PF03726,5,1
210,PF06508,7,7
211,PF11325,2,2
212,PF01914,5,5
213,PF07592,3,3
214,PF14489,8,5
215,PF00190,2,2
216,PF00298,2,1
217,PF02253,1,1
218,PF04238,1,1
219,PF01075,10,7
220,PF11575,2,1
221,PF09481,1,1
222,PF10675,1,1
223,PF14054,6,6
224,PF04380,6,6
225,PF18599,3,3
226,PF08570,2,2
227,PF14183,1,1
228,PF14151,3,3
229,PF10635,6,3
230,PF03981,1,1
231,PF02368,8,3
232,PF08798,1,1
233,PF12362,15,5
234,PF03631,10,10
235,PF00052,4,2
236,PF00657,5,4
237,PF14841,18,6
238,PF00403,66,20
239,PF07993,8,4
240,PF01775,1,1
241,PF05523,1,1
242,PF11084,1,1
243,PF06463,14,6
244,PF09492,1,1
245,PF14792,5,1
246,PF17829,9,3
247,PF02734,6,3
248,PF06620,1,1
249,PF03705,28,10
250,PF13468,3,3
251,PF00848,12,5
252,PF00436,12,12
253,PF03323,5,4
254,PF02664,5,5
255,PF02163,44,24
256,PF04341,1,1
257,PF17851,14,5
258,PF00389,58,28
259,PF16795,1,1
260,PF04332,1,1
261,PF12556,2,1
262,PF00482,31,28
263,PF07336,4,2
264,PF13217,1,1
265,PF04377,9,5
266,PF00145,3,3
267,PF02264,1,1
268,PF10027,2,2
269,PF13393,29,14
270,PF07505,3,2
271,PF09079,2,1
272,PF11449,1,1
273,PF09928,1,1
274,PF11514,1,1
275,PF01944,1,1
276,PF02082,19,19
277,PF08369,2,1
278,PF02635,17,15
279,PF03186,7,7
280,PF09835,4,4
281,PF13529,5,4
282,PF13478,22,11
283,PF01212,8,8
284,PF02661,11,10
285,PF05960,4,4
286,PF00563,258,85
287,PF13167,15,5
288,PF00041,15,6
289,PF03477,31,12
290,PF02837,5,1
291,PF01345,4,3
292,PF00085,33,25
293,PF10047,1,1
294,PF01852,1,1
295,PF02909,4,2
296,PF01032,32,24
297,PF16524,4,1
298,PF01547,18,16
299,PF05192,10,2
300,PF02386,14,12
301,PF11412,20,7
302,PF01276,12,4
303,PF07739,13,7
304,PF04229,2,2
305,PF02332,2,1
306,PF18019,1,1
307,PF13436,2,2
308,PF03672,1,1
309,PF00797,3,2
310,PF01507,43,41
311,PF13534,12,4
312,PF06945,6,6
313,PF07715,343,116
314,PF05173,4,2
315,PF13430,3,3
316,PF00857,27,24
317,PF17801,5,1
318,PF00823,4,1
319,PF00462,9,7
320,PF03069,2,2
321,PF07099,1,1
322,PF13362,2,2
323,PF01642,18,7
324,PF01949,1,1
325,PF03889,1,1
326,PF06772,2,2
327,PF14344,1,1
328,PF00012,10,10
329,PF05525,1,1
330,PF08352,70,20
331,PF07704,2,2
332,PF07494,7,3
333,PF01955,5,4
334,PF04198,4,3
335,PF08401,4,2
336,PF09656,1,1
337,PF12911,38,19
338,PF07866,1,1
339,PF03200,1,1
340,PF13767,3,2
341,PF02325,2,2
342,PF16350,16,4
343,PF03432,3,3
344,PF13778,3,3
345,PF11483,2,2
346,PF09285,9,3
347,PF01963,2,2
348,PF09094,12,4
349,PF13906,2,1
350,PF00312,5,5
351,PF00816,2,2
352,PF12972,4,2
353,PF13418,4,2
354,PF04250,4,4
355,PF09490,6,6
356,PF02128,6,2
357,PF01124,6,6
358,PF13583,3,1
359,PF07600,1,1
360,PF07109,2,1
361,PF02728,6,2
362,PF00860,4,4
363,PF16401,1,1
364,PF18075,1,1
365,PF09334,33,12
366,PF00347,1,1
367,PF05118,2,2
368,PF09100,4,1
369,PF10503,2,2
370,PF01039,13,12
371,PF17964,4,1
372,PF04018,2,2
373,PF01027,6,6
374,PF04011,7,7
375,PF04346,1,1
376,PF03702,7,7
377,PF01695,8,8
378,PF05947,1,1
379,PF10065,1,1
380,PF13669,6,6
381,PF17723,1,1
382,PF03845,4,4
383,PF02126,1,1
384,PF02353,18,15
385,PF14711,4,2
386,PF01878,4,4
387,PF13246,4,1
388,PF03775,5,3
389,PF05163,8,8
390,PF16147,1,1
391,PF12339,3,2
392,PF08874,2,1
393,PF04392,8,5
394,PF02882,12,6
395,PF02700,2,2
396,PF09883,2,2
397,PF13875,3,3
398,PF17866,2,1
399,PF05013,7,6
400,PF13899,21,10
401,PF12627,16,6
402,PF06500,1,1
403,PF14602,13,6
404,PF07179,1,1
405,PF17760,7,3
406,PF00703,5,1
407,PF00295,4,3
408,PF06013,3,2
409,PF01523,9,6
410,PF02652,2,2
411,PF08756,6,2
412,PF07045,7,7
413,PF01869,5,4
414,PF01315,14,7
415,PF13828,2,1
416,PF00182,1,1
417,PF10410,18,4
418,PF13520,26,23
419,PF03481,102,52
420,PF01650,3,1
421,PF10520,1,1
422,PF14493,12,2
423,PF00294,37,30
424,PF01844,14,9
425,PF03988,1,1
426,PF07760,2,1
427,PF04295,5,3
428,PF00034,86,46
429,PF06291,1,1
430,PF03595,3,3
431,PF01242,9,9
432,PF03815,1,1
433,PF07287,1,1
434,PF01706,18,6
435,PF06798,2,1
436,PF02591,1,1
437,PF03618,2,2
438,PF01029,11,6
439,PF11954,2,1
440,PF02401,6,6
441,PF08669,63,23
442,PF17647,2,2
443,PF08279,16,8
444,PF00814,7,6
445,PF00533,16,4
446,PF03537,1,1
447,PF02777,14,8
448,PF09364,2,1
449,PF11975,8,4
450,PF02563,10,5
451,PF11142,4,2
452,PF01330,12,4
453,PF02567,2,2
454,PF06865,2,2
455,PF01174,1,1
456,PF11188,2,2
457,PF04264,8,7
458,PF13448,2,1
459,PF14403,2,2
460,PF03548,4,4
461,PF02922,62,20
462,PF02347,10,8
463,PF01182,10,9
464,PF01861,1,1
465,PF00067,18,12
466,PF04932,9,9
467,PF05940,7,7
468,PF10263,4,2
469,PF03709,12,4
470,PF10543,2,2
471,PF13247,10,8
472,PF08747,1,1
473,PF10108,5,5
474,PF00532,4,2
475,PF01842,27,11
476,PF05746,5,2
477,PF11849,4,1
478,PF13609,4,4
479,PF04023,9,5
480,PF01514,4,2
481,PF02781,18,9
482,PF08442,16,8
483,PF13249,4,2
484,PF03692,11,11
485,PF13310,5,5
486,PF17765,12,6
487,PF00432,4,4
488,PF14063,1,1
489,PF04072,3,3
490,PF08031,4,2
491,PF11154,1,1
492,PF00285,8,6
493,PF14532,3,1
494,PF11614,12,4
495,PF13579,4,2
496,PF02906,6,1
497,PF07849,2,2
498,PF09250,1,1
499,PF18557,1,1
500,PF16220,6,3
501,PF00724,27,21
502,PF02130,1,1
503,PF10677,22,22
504,PF03748,3,3
505,PF07130,8,8
506,PF03471,23,8
507,PF03030,5,5
508,PF00919,16,6
509,PF11896,8,4
510,PF02978,21,7
511,PF04734,1,1
512,PF07017,1,1
513,PF00448,32,10
514,PF13441,3,3
515,PF02805,12,5
516,PF13495,13,7
517,PF01747,4,2
518,PF13116,19,9
519,PF13229,8,6
520,PF03843,2,2
521,PF14622,4,2
522,PF14840,2,1
523,PF00391,51,17
524,PF04239,3,3
525,PF00263,6,4
526,PF07977,11,11
527,PF14720,10,4
528,PF10369,12,6
529,PF00483,42,36
530,PF17762,12,6
531,PF08021,7,3
532,PF13721,3,1
533,PF04333,3,3
534,PF11751,3,3
535,PF05099,13,9
536,PF00614,2,1
537,PF12464,7,3
538,PF11987,19,5
539,PF03460,53,16
540,PF13580,3,3
541,PF14352,3,1
542,PF02436,20,5
543,PF05050,6,6
544,PF10588,24,5
545,PF07309,2,2
546,PF08267,9,5
547,PF04659,1,1
548,PF10101,1,1
549,PF13514,2,2
550,PF12850,5,5
551,PF12951,6,4
552,PF09685,7,4
553,PF01367,36,9
554,PF14306,4,2
555,PF05168,5,5
556,PF01311,2,2
557,PF00344,2,2
558,PF00515,32,11
559,PF02575,10,10
560,PF01636,35,26
561,PF02515,21,18
562,PF00549,24,8
563,PF01614,34,16
564,PF01610,23,8
565,PF01678,5,5
566,PF06844,1,1
567,PF00684,24,8
568,PF18085,7,2
569,PF01717,12,8
570,PF02965,29,6
571,PF05957,1,1
572,PF01220,2,2
573,PF16036,4,4
574,PF03203,1,1
575,PF14239,6,2
576,PF05225,2,1
577,PF06146,7,7
578,PF06339,1,1
579,PF11749,2,2
580,PF01337,3,3
581,PF04958,2,2
582,PF09853,1,1
583,PF06725,10,6
584,PF10262,3,3
585,PF07819,2,2
586,PF02897,8,4
587,PF13844,2,1
588,PF02588,1,1
589,PF02743,72,23
590,PF00132,59,34
591,PF13102,13,5
592,PF00155,89,72
593,PF04862,4,1
594,PF13727,8,4
595,PF04463,7,4
596,PF13205,3,2
597,PF14870,2,2
598,PF00873,73,65
599,PF02411,3,3
600,PF02367,3,3
601,PF16697,6,3
602,PF01144,9,6
603,PF01592,17,17
604,PF17676,6,3
605,PF10555,2,1
606,PF02108,7,7
607,PF00037,41,19
608,PF02641,14,14
609,PF02699,3,3
610,PF01575,9,7
611,PF01992,1,1
612,PF06167,4,4
613,PF17853,8,3
614,PF11821,2,2
615,PF09678,3,2
616,PF10294,2,2
617,PF01361,5,4
618,PF05402,2,2
619,PF12276,1,1
620,PF14134,1,1
621,PF09990,2,2
622,PF00752,2,1
623,PF09818,4,3
624,PF13568,4,3
625,PF03946,2,1
626,PF04896,1,1
627,PF08003,1,1
628,PF14552,1,1
629,PF08540,4,2
630,PF00854,2,2
631,PF05035,3,3
632,PF00534,144,62
633,PF16576,88,70
634,PF01730,2,2
635,PF01782,5,4
636,PF02900,7,7
637,PF14402,4,2
638,PF02410,3,3
639,PF12137,5,1
640,PF01628,3,2
641,PF01590,126,37
642,PF10025,3,3
643,PF00139,4,1
644,PF07639,3,3
645,PF00255,10,10
646,PF11666,1,1
647,PF02104,3,3
648,PF14691,8,4
649,PF05853,4,4
650,PF01019,10,10
651,PF06213,2,1
652,PF00892,70,64
653,PF00886,7,7
654,PF01386,10,5
655,PF13489,21,17
656,PF13800,2,1
657,PF13463,5,5
658,PF02464,5,5
659,PF14030,2,2
660,PF02065,9,4
661,PF00994,38,18
662,PF12389,1,1
663,PF02624,20,9
664,PF09825,1,1
665,PF06041,1,1
666,PF04612,19,19
667,PF03023,3,3
668,PF17973,28,4
669,PF00282,7,7
670,PF07729,133,60
671,PF02554,4,2
672,PF04616,26,10
673,PF04575,4,3
674,PF13343,12,11
675,PF14031,6,3
676,PF07583,55,14
677,PF09195,1,1
678,PF16173,2,1
679,PF00471,3,3
680,PF03275,4,2
681,PF03447,15,5
682,PF07411,2,2
683,PF11155,2,2
684,PF14696,2,1
685,PF06776,2,2
686,PF10096,4,4
687,PF13637,1,1
688,PF07433,3,3
689,PF06169,3,3
690,PF17757,35,8
691,PF04015,1,1
692,PF02120,7,7
693,PF12986,5,5
694,PF02645,7,4
695,PF07366,5,4
696,PF03033,4,2
697,PF13740,3,2
698,PF08751,4,2
699,PF09945,10,10
700,PF07499,12,4
701,PF02690,5,4
702,PF05936,1,1
703,PF03062,2,2
704,PF13419,45,44
705,PF02834,1,1
706,PF13412,112,84
707,PF00867,2,1
708,PF03621,2,2
709,PF01455,4,3
710,PF11578,2,2
711,PF14572,8,4
712,PF08665,3,2
713,PF13245,12,6
714,PF04444,4,2
715,PF01786,1,1
716,PF01910,2,2
717,PF13992,1,1
718,PF00114,4,2
719,PF02878,46,12
720,PF06969,10,5
721,PF13546,4,4
722,PF00705,2,1
723,PF06781,1,1
724,PF12315,1,1
725,PF12903,1,1
726,PF01193,17,6
727,PF00330,26,19
728,PF00501,220,74
729,PF06750,2,1
730,PF12172,2,1
731,PF04542,273,107
732,PF01808,4,2
733,PF13435,4,3
734,PF03594,2,2
735,PF17135,1,1
736,PF01709,4,4
737,PF02610,2,1
738,PF07394,21,18
739,PF11972,5,3
740,PF03797,8,6
741,PF03364,4,4
742,PF02749,8,4
743,PF04321,9,9
744,PF13711,5,4
745,PF14376,2,2
746,PF03852,1,1
747,PF03636,2,1
748,PF14078,1,1
749,PF14415,2,2
750,PF03966,1,1
751,PF05187,2,1
752,PF07607,1,1
753,PF02441,21,12
754,PF03698,1,1
755,PF00381,14,6
756,PF07879,2,1
757,PF00376,28,14
758,PF00652,2,1
759,PF00749,8,7
760,PF18870,2,1
761,PF00206,25,14
762,PF01336,41,14
763,PF13090,20,5
764,PF04566,8,2
765,PF07733,58,13
766,PF10509,12,4
767,PF01062,5,5
768,PF01068,12,6
769,PF06418,10,5
770,PF02796,5,3
771,PF13803,1,1
772,PF01235,5,5
773,PF01756,4,1
774,PF17293,11,4
775,PF05272,1,1
776,PF02537,5,5
777,PF00699,2,2
778,PF16360,15,5
779,PF13407,29,25
780,PF08068,3,1
781,PF06782,3,2
782,PF00290,2,2
783,PF14706,1,1
784,PF03050,19,8
785,PF12698,16,9
786,PF00404,2,1
787,PF00364,123,36
788,PF00208,24,12
789,PF01447,6,2
790,PF12950,8,4
791,PF01906,3,2
792,PF04860,1,1
793,PF13977,8,4
794,PF11127,10,9
795,PF02954,289,92
796,PF01139,6,6
797,PF17876,36,9
798,PF18145,1,1
799,PF01761,11,10
800,PF02417,15,13
801,PF05977,11,9
802,PF10728,6,3
803,PF03894,2,1
804,PF00113,14,7
805,PF04957,1,1
806,PF03994,1,1
807,PF03853,6,3
808,PF05544,7,5
809,PF07345,4,4
810,PF10298,6,2
811,PF11064,1,1
812,PF16344,8,2
813,PF13604,23,11
814,PF10423,4,2
815,PF04952,5,5
816,PF05569,10,5
817,PF09099,4,1
818,PF09243,1,1
819,PF06107,2,2
820,PF11974,24,3
821,PF07284,1,1
822,PF00137,7,7
823,PF01346,4,2
824,PF00355,36,23
825,PF12866,2,1
826,PF09290,2,1
827,PF01863,4,4
828,PF04365,6,5
829,none,6292,859
830,PF01370,61,47
831,PF13189,2,2
832,PF13560,48,31
833,PF14240,7,4
834,PF03067,5,2
835,PF01050,2,2
836,PF01051,1,1
837,PF02503,20,5
838,PF13632,4,3
839,PF18764,11,4
840,PF13011,2,1
841,PF01041,17,17
842,PF13613,4,2
843,PF03713,6,5
844,PF13905,2,2
845,PF05025,2,2
846,PF00583,83,70
847,PF01272,23,14
848,PF14194,1,1
849,PF03652,6,6
850,PF01238,1,1
851,PF12840,48,43
852,PF17990,2,1
853,PF05090,3,3
854,PF06224,11,8
855,PF13577,9,4
856,PF00348,17,17
857,PF09413,3,3
858,PF14104,1,1
859,PF05284,2,2
860,PF00934,5,3
861,PF12367,6,3
862,PF14016,1,1
863,PF01011,13,7
864,PF11940,4,1
865,PF06938,2,2
866,PF06719,12,6
867,PF00141,12,12
868,PF09157,6,2
869,PF04536,8,5
870,PF05610,4,4
871,PF07626,12,2
872,PF06874,2,2
873,PF02037,1,1
874,PF04255,7,5
875,PF01408,97,48
876,PF06093,1,1
877,PF13883,7,4
878,PF00226,51,23
879,PF01008,5,5
880,PF16901,12,6
881,PF01244,5,5
882,PF03799,4,2
883,PF03922,2,2
884,PF01227,6,6
885,PF04228,4,4
886,PF04308,2,2
887,PF04445,2,2
888,PF18603,2,1
889,PF02366,3,2
890,PF12729,52,20
891,PF04384,1,1
892,PF14345,1,1
893,PF17804,8,2
894,PF04347,3,3
895,PF06804,6,6
896,PF05673,2,2
897,PF06059,1,1
898,PF00035,4,2
899,PF09995,4,4
900,PF14152,3,3
901,PF14361,3,1
902,PF18267,47,10
903,PF00975,20,7
904,PF03160,4,3
905,PF00413,4,4
906,PF11697,1,1
907,PF07832,1,1
908,PF11377,2,2
909,PF07650,9,3
910,PF00198,61,19
911,PF17962,24,3
912,PF04055,140,65
913,PF01329,41,41
914,PF00205,91,30
915,PF02050,3,3
916,PF02962,1,1
917,PF06748,2,2
918,PF09923,1,1
919,PF06629,1,1
920,PF01994,1,1
921,PF00590,50,24
922,PF01634,6,5
923,PF02601,8,4
924,PF04075,4,3
925,PF02637,10,5
926,PF04461,4,4
927,PF11376,1,1
928,PF17651,3,1
929,PF03764,28,6
930,PF06537,7,5
931,PF03993,1,1
932,PF04546,24,4
933,PF17284,4,2
934,PF00122,151,49
935,PF03773,6,6
936,PF08125,7,4
937,PF04024,6,5
938,PF04314,3,3
939,PF01343,8,6
940,PF10070,34,34
941,PF00213,4,4
942,PF07804,15,9
943,PF08445,7,7
944,PF13953,3,1
945,PF00149,63,44
946,PF01434,12,4
947,PF03441,53,27
948,PF08529,13,4
949,PF00982,3,3
950,PF02548,5,5
951,PF01755,4,3
952,PF13482,3,3
953,PF03918,2,2
954,PF13622,4,4
955,PF03588,1,1
956,PF16525,1,1
957,PF04865,2,1
958,PF13406,6,5
959,PF07929,2,2
960,PF13567,7,3
961,PF13007,12,3
962,PF08706,1,1
963,PF00742,17,6
964,PF09933,1,1
965,PF06472,2,2
966,PF11164,2,2
967,PF11042,2,2
968,PF05866,1,1
969,PF13635,8,4
970,PF02406,1,1
971,PF16490,2,1
972,PF01502,6,5
973,PF14520,40,11
974,PF10127,1,1
975,PF00654,16,11
976,PF02910,15,7
977,PF02870,6,3
978,PF04342,5,5
979,PF02001,1,1
980,PF07615,1,1
981,PF00204,58,13
982,PF12459,1,1
983,PF01894,3,3
984,PF12893,3,3
985,PF01765,9,9
986,PF09339,37,18
987,PF01043,7,2
988,PF02112,2,2
989,PF02665,1,1
990,PF00550,80,17
991,PF13690,1,1
992,PF00872,13,13
993,PF13511,2,2
994,PF12215,2,1
995,PF12288,37,37
996,PF07811,8,6
997,PF00109,24,8
998,PF01061,33,31
999,PF05830,1,1
1000,PF02746,46,18
1001,PF04116,25,25
1002,PF09086,3,3
1003,PF00275,11,11
1004,PF11847,3,3
1005,PF11028,2,2
1006,PF14681,2,2
1007,PF05706,2,1
1008,PF03886,4,4
1009,PF12225,1,1
1010,PF12399,32,14
1011,PF09867,1,1
1012,PF17936,11,5
1013,PF13612,2,2
1014,PF11249,1,1
1015,PF02800,54,23
1016,PF01156,1,1
1017,PF06792,3,2
1018,PF08543,7,6
1019,PF03865,4,2
1020,PF00574,5,5
1021,PF02657,6,6
1022,PF06094,1,1
1023,PF01752,5,1
1024,PF04170,1,1
1025,PF02880,43,11
1026,PF00920,39,36
1027,PF11969,1,1
1028,PF03793,1,1
1029,PF01225,41,11
1030,PF06335,1,1
1031,PF09173,4,2
1032,PF08438,6,2
1033,PF04577,1,1
1034,PF11726,1,1
1035,PF14574,3,1
1036,PF12773,3,1
1037,PF02885,25,11
1038,PF13539,1,1
1039,PF13840,24,8
1040,PF07012,6,2
1041,PF02096,18,9
1042,PF07536,27,10
1043,PF02129,11,7
1044,PF00467,4,2
1045,PF16868,8,8
1046,PF01398,1,1
1047,PF01889,3,3
1048,PF00499,2,2
1049,PF12345,6,2
1050,PF07509,1,1
1051,PF06426,2,1
1052,PF12732,2,2
1053,PF01619,16,7
1054,PF00893,9,8
1055,PF11798,4,1
1056,PF08876,1,1
1057,PF03928,11,11
1058,PF04262,3,3
1059,PF06253,1,1
1060,PF01218,1,1
1061,PF06961,2,1
1062,PF13379,18,15
1063,PF05231,13,4
1064,PF00216,18,17
1065,PF02771,177,47
1066,PF02951,4,2
1067,PF06778,1,1
1068,PF08299,28,10
1069,PF04981,1,1
1070,PF01649,4,4
1071,PF04298,2,2
1072,PF13286,18,9
1073,PF02639,5,5
1074,PF07508,16,6
1075,PF01264,4,4
1076,PF09335,24,18
1077,PF03403,1,1
1078,PF00936,94,40
1079,PF06745,5,5
1080,PF12650,2,2
1081,PF06037,2,2
1082,PF04352,3,3
1083,PF16586,9,3
1084,PF00258,32,12
1085,PF09992,2,2
1086,PF02293,1,1
1087,PF11074,1,1
1088,PF00353,32,17
1089,PF06276,22,4
1090,PF09261,8,2
1091,PF09844,9,9
1092,PF02300,1,1
1093,PF13350,8,8
1094,PF11638,24,8
1095,PF10118,3,3
1096,PF16582,8,3
1097,PF02371,19,10
1098,PF08245,66,26
1099,PF10006,9,6
1100,PF12680,27,22
1101,PF01430,1,1
1102,PF00488,14,5
1103,PF04185,12,8
1104,PF10069,2,2
1105,PF13289,7,5
1106,PF12890,1,1
1107,PF08238,15,12
1108,PF02321,95,83
1109,PF09925,1,1
1110,PF02201,2,2
1111,PF16760,3,1
1112,PF04324,72,15
1113,PF00577,4,2
1114,PF00990,360,121
1115,PF13469,14,7
1116,PF00314,1,1
1117,PF02190,35,13
1118,PF11860,3,1
1119,PF03435,14,8
1120,PF05188,10,2
1121,PF12823,4,4
1122,PF00903,64,59
1123,PF09694,3,3
1124,PF00477,2,1
1125,PF14167,2,2
1126,PF08334,41,21
1127,PF09140,1,1
1128,PF02525,13,12
1129,PF12746,3,3
1130,PF07694,4,1
1131,PF08818,3,2
1132,PF08907,1,1
1133,PF18730,1,1
1134,PF02211,6,3
1135,PF00144,32,26
1136,PF17147,28,8
1137,PF04261,8,8
1138,PF04954,8,4
1139,PF00805,8,6
1140,PF04214,6,6
1141,PF10431,59,13
1142,PF00146,8,8
1143,PF16119,2,2
1144,PF02219,3,3
1145,PF08376,4,2
1146,PF13426,162,44
1147,PF12282,6,2
1148,PF07703,28,4
1149,PF05425,6,5
1150,PF01314,2,1
1151,PF11924,1,1
1152,PF05159,1,1
1153,PF03626,8,7
1154,PF01312,2,2
1155,PF08448,175,53
1156,PF07559,10,3
1157,PF16403,5,2
1158,PF01784,3,3
1159,PF02697,1,1
1160,PF14698,8,4
1161,PF02281,1,1
1162,PF14771,1,1
1163,PF04560,14,3
1164,PF01026,18,16
1165,PF00303,6,6
1166,PF07636,1,1
1167,PF10756,1,1
1168,PF05690,4,3
1169,PF17162,3,1
1170,PF02457,16,12
1171,PF10614,3,3
1172,PF14516,2,1
1173,PF01658,2,1
1174,PF00866,2,2
1175,PF10707,2,2
1176,PF16661,3,1
1177,PF02085,2,1
1178,PF04245,3,3
1179,PF16307,1,1
1180,PF13643,5,1
1181,PF01654,20,18
1182,PF17854,22,6
1183,PF08340,18,9
1184,PF07963,195,40
1185,PF00133,29,10
1186,PF02655,6,5
1187,PF03693,2,2
1188,PF13535,5,4
1189,PF13194,4,2
1190,PF13738,24,19
1191,PF13450,43,26
1192,PF08992,1,1
1193,PF03572,26,10
1194,PF14246,10,5
1195,PF02237,5,2
1196,PF08666,9,5
1197,PF04588,3,3
1198,PF09982,1,1
1199,PF01809,6,6
1200,PF17200,10,4
1201,PF00493,28,9
1202,PF18319,9,2
1203,PF14346,4,2
1204,PF13683,19,13
1205,PF13428,2,1
1206,PF01729,8,4
1207,PF13559,4,2
1208,PF18381,17,6
1209,PF14070,1,1
1210,PF14316,4,4
1211,PF08670,1,1
1212,PF02446,5,5
1213,PF03573,3,3
1214,PF11800,4,2
1215,PF07449,2,2
1216,PF06240,3,1
1217,PF08933,1,1
1218,PF00585,2,1
1219,PF07603,8,6
1220,PF06415,10,5
1221,PF14716,9,2
1222,PF12697,50,49
1223,PF17767,14,5
1224,PF00374,18,10
1225,PF02018,3,3
1226,PF16156,1,1
1227,PF09298,4,2
1228,PF13368,15,5
1229,PF02358,2,2
1230,PF02814,4,2
1231,PF03190,10,6
1232,PF03070,3,3
1233,PF10056,1,1
1234,PF12072,3,1
1235,PF17203,1,1
1236,PF01899,10,10
1237,PF01510,6,5
1238,PF03176,8,8
1239,PF00408,43,11
1240,PF01638,22,22
1241,PF02566,44,30
1242,PF04976,1,1
1243,PF11937,1,1
1244,PF13503,3,1
1245,PF03977,1,1
1246,PF16320,2,1
1247,PF13354,13,9
1248,PF02797,4,2
1249,PF12418,10,2
1250,PF07486,4,3
1251,PF02623,1,1
1252,PF08423,4,3
1253,PF09370,1,1
1254,PF08298,2,1
1255,PF02696,15,15
1256,PF02075,6,6
1257,PF02577,2,1
1258,PF10609,29,18
1259,PF08989,1,1
1260,PF12844,1,1
1261,PF03989,22,11
1262,PF01895,12,9
1263,PF00553,11,4
1264,PF02594,3,3
1265,PF00388,1,1
1266,PF13823,6,2
1267,PF11661,1,1
1268,PF02595,2,2
1269,PF02772,18,6
1270,PF17179,2,2
1271,PF04397,36,18
1272,PF06707,1,1
1273,PF05929,1,1
1274,PF07697,6,2
1275,PF11762,2,1
1276,PF01663,4,3
1277,PF09949,1,1
1278,PF00930,16,7
1279,PF18053,30,6
1280,PF13614,21,19
1281,PF00931,1,1
1282,PF13230,2,2
1283,PF13340,11,8
1284,PF02616,1,1
1285,PF13527,9,7
1286,PF11927,1,1
1287,PF13020,6,2
1288,PF07859,29,26
1289,PF09179,8,3
1290,PF04405,4,2
1291,PF08471,6,3
1292,PF00083,18,17
1293,PF06491,1,1
1294,PF09849,1,1
1295,PF13088,3,3
1296,PF05105,1,1
1297,PF10090,1,1
1298,PF00300,27,26
1299,PF10022,1,1
1300,PF02167,2,2
1301,PF00712,33,11
1302,PF13291,43,11
1303,PF14748,14,7
1304,PF03415,2,1
1305,PF02597,15,13
1306,PF06347,3,3
1307,PF01121,2,2
1308,PF05971,1,1
1309,PF00510,13,10
1310,PF13433,1,1
1311,PF06299,1,1
1312,PF04961,1,1
1313,PF06245,2,2
1314,PF03476,8,4
1315,PF03816,3,2
1316,PF14025,1,1
1317,PF13387,1,1
1318,PF00646,1,1
1319,PF00245,6,4
1320,PF17944,9,3
1321,PF02996,1,1
1322,PF04565,15,4
1323,PF02021,6,6
1324,PF07726,36,17
1325,PF18854,2,2
1326,PF03719,2,1
1327,PF18024,3,1
1328,PF02421,6,2
1329,PF08660,1,1
1330,PF10882,1,1
1331,PF06935,1,1
1332,PF07542,2,2
1333,PF14805,6,2
1334,PF01555,5,5
1335,PF03480,38,32
1336,PF14657,3,1
1337,PF12570,1,1
1338,PF16155,1,1
1339,PF09278,27,14
1340,PF12947,3,1
1341,PF10590,6,3
1342,PF01450,14,7
1343,PF05378,25,12
1344,PF04348,2,2
1345,PF01326,32,12
1346,PF04998,6,1
1347,PF14693,10,5
1348,PF05193,30,10
1349,PF00278,20,10
1350,PF14518,5,4
1351,PF01322,3,3
1352,PF17954,14,7
1353,PF00950,18,13
1354,PF00665,55,29
1355,PF02142,15,6
1356,PF01820,6,3
1357,PF06934,2,2
1358,PF10517,1,1
1359,PF11999,2,2
1360,PF07378,2,2
1361,PF14391,1,1
1362,PF13817,12,3
1363,PF00582,116,73
1364,PF08212,14,13
1365,PF04068,4,2
1366,PF01817,11,11
1367,PF03881,4,4
1368,PF12277,2,2
1369,PF04273,3,3
1370,PF07717,12,3
1371,PF12787,1,1
1372,PF03767,1,1
1373,PF17810,9,3
1374,PF14551,23,6
1375,PF03401,25,15
1376,PF13499,8,3
1377,PF12705,41,12
1378,PF13557,3,3
1379,PF17769,34,17
1380,PF00044,28,14
1381,PF01493,28,6
1382,PF13506,4,3
1383,PF01724,1,1
1384,PF14583,1,1
1385,PF01103,36,21
1386,PF02895,10,3
1387,PF02033,6,6
1388,PF04430,1,1
1389,PF00905,52,23
1390,PF13359,4,2
1391,PF00211,29,14
1392,PF10112,1,1
1393,PF11799,19,8
1394,PF06073,1,1
1395,PF07731,12,5
1396,PF13679,1,1
1397,PF08548,9,3
1398,PF17886,13,13
1399,PF11157,1,1
1400,PF06974,4,2
1401,PF02449,9,5
1402,PF00266,48,48
1403,PF07876,12,7
1404,PF04893,1,1
1405,PF02686,3,3
1406,PF14378,5,5
1407,PF04751,1,1
1408,PF00926,10,6
1409,PF14032,3,2
1410,PF10135,7,5
1411,PF10011,1,1
1412,PF13459,4,2
1413,PF00773,36,9
1414,PF01074,8,2
1415,PF08309,4,3
1416,PF13523,3,2
1417,PF01425,13,12
1418,PF01391,5,3
1419,PF06574,8,4
1420,PF01694,7,7
1421,PF02545,11,11
1422,PF04359,2,2
1423,PF11236,1,1
1424,PF09286,4,2
1425,PF11907,4,1
1426,PF06295,1,1
1427,PF13653,3,2
1428,PF13541,24,9
1429,PF17782,2,1
1430,PF05368,7,7
1431,PF18741,12,3
1432,PF09098,4,1
1433,PF18449,1,1
1434,PF00346,15,7
1435,PF00475,3,3
1436,PF10604,9,6
1437,PF00440,159,100
1438,PF12681,1,1
1439,PF08436,24,8
1440,PF09299,3,1
1441,PF04982,5,5
1442,PF16875,8,3
1443,PF00939,5,5
1444,PF11390,2,2
1445,PF16945,1,1
1446,PF05762,2,2
1447,PF14537,1,1
1448,PF14890,10,2
1449,PF01715,3,3
1450,PF12727,3,2
1451,PF13431,5,2
1452,PF02667,4,4
1453,PF00006,61,17
1454,PF12770,6,5
1455,PF03328,9,9
1456,PF14137,1,1
1457,PF00884,65,35
1458,PF01594,26,24
1459,PF07361,1,1
1460,PF07596,32,13
1461,PF11348,1,1
1462,PF12799,7,3
1463,PF06751,2,2
1464,PF07081,2,2
1465,PF09249,2,1
1466,PF13618,7,7
1467,PF11342,1,1
1468,PF01396,5,1
1469,PF13616,9,3
1470,PF01187,1,1
1471,PF06296,3,3
1472,PF08843,1,1
1473,PF12116,1,1
1474,PF01266,79,51
1475,PF11965,2,1
1476,PF16655,8,4
1477,PF00306,17,6
1478,PF09937,2,2
1479,PF01903,9,6
1480,PF00056,14,7
1481,PF14791,9,2
1482,PF01835,28,4
1483,PF02955,4,2
1484,PF10106,4,2
1485,PF03400,1,1
1486,PF05150,1,1
1487,PF00309,18,6
1488,PF01402,16,12
1489,PF01135,27,19
1490,PF07072,2,2
1491,PF13732,30,15
1492,PF03864,1,1
1493,PF03983,1,1
1494,PF01222,1,1
1495,PF00584,2,2
1496,PF13565,12,7
1497,PF02502,2,2
1498,PF01202,8,6
1499,PF09388,1,1
1500,PF06996,1,1
1501,PF04077,1,1
1502,PF02517,19,16
1503,PF01964,7,4
1504,PF09323,3,3
1505,PF01118,14,7
1506,PF00043,34,16
1507,PF01098,10,8
1508,PF18676,3,1
1509,PF03948,12,6
1510,PF07705,7,2
1511,PF06628,4,2
1512,PF09588,1,1
1513,PF00437,61,36
1514,PF12841,2,2
1515,PF15915,49,12
1516,PF11617,2,1
1517,PF07331,15,11
1518,PF05480,1,1
1519,PF12261,5,5
1520,PF03162,1,1
1521,PF03668,4,4
1522,PF03971,1,1
1523,PF07167,4,2
1524,PF00406,4,3
1525,PF07978,2,2
1526,PF05170,11,6
1527,PF14714,6,3
1528,PF00545,3,3
1529,PF18337,5,1
1530,PF07005,6,3
1531,PF13163,1,1
1532,PF00815,12,12
1533,PF01521,26,25
1534,PF13439,107,45
1535,PF01059,6,3
1536,PF12900,2,2
1537,PF07769,1,1
1538,PF00535,86,59
1539,PF13438,10,3
1540,PF14793,9,3
1541,PF12852,13,7
1542,PF17862,26,9
1543,PF03006,3,3
1544,PF11876,1,1
1545,PF07521,29,9
1546,PF07582,8,4
1547,PF06812,1,1
1548,PF07454,1,1
1549,PF17389,8,3
1550,PF10502,12,7
1551,PF18073,18,7
1552,PF02559,20,8
1553,PF04303,5,4
1554,PF10974,1,1
1555,PF11752,3,3
1556,PF01116,27,22
1557,PF11303,1,1
1558,PF12007,2,2
1559,PF13519,17,11
1560,PF00793,7,7
1561,PF14109,1,1
1562,PF09842,1,1
1563,PF02565,3,2
1564,PF13628,3,3
1565,PF03781,26,17
1566,PF17392,12,4
1567,PF01252,2,2
1568,PF14092,1,1
1569,PF03646,1,1
1570,PF08402,60,28
1571,PF04283,1,1
1572,PF07310,1,1
1573,PF00177,2,2
1574,PF07683,26,13
1575,PF13515,2,1
1576,PF05258,5,5
1577,PF12857,17,8
1578,PF03458,3,3
1579,PF01281,12,6
1580,PF02634,5,5
1581,PF09680,7,5
1582,PF05299,9,3
1583,PF18545,5,4
1584,PF04471,5,4
1585,PF11117,1,1
1586,PF04101,6,4
1587,PF04039,20,11
1588,PF13365,63,33
1589,PF00293,67,63
1590,PF00466,1,1
1591,PF08331,6,2
1592,PF02538,12,10
1593,PF03807,16,9
1594,PF00827,3,3
1595,PF12805,6,3
1596,PF00512,842,215
1597,PF16124,42,8
1598,PF03235,5,4
1599,PF00365,4,4
1600,PF07700,3,3
1601,PF04545,87,25
1602,PF00719,5,5
1603,PF09911,1,1
1604,PF15583,1,1
1605,PF13462,12,9
1606,PF05591,3,2
1607,PF17763,2,1
1608,PF14863,3,1
1609,PF04336,2,2
1610,PF13755,8,2
1611,PF14760,4,2
1612,PF03900,2,1
1613,PF05359,4,4
1614,PF05731,1,1
1615,PF14849,18,9
1616,PF12323,15,5
1617,PF13475,1,1
1618,PF03143,15,5
1619,PF03932,2,2
1620,PF10985,1,1
1621,PF11306,7,4
1622,PF06165,3,1
1623,PF07143,5,3
1624,PF02694,4,4
1625,PF00490,7,7
1626,PF02016,6,3
1627,PF10013,3,3
1628,PF02824,60,16
1629,PF13342,3,1
1630,PF02683,19,9
1631,PF03205,5,4
1632,PF02482,13,11
1633,PF03976,6,5
1634,PF13458,33,28
1635,PF01483,2,1
1636,PF05088,2,2
1637,PF00410,1,1
1638,PF14237,5,2
1639,PF14568,1,1
1640,PF01263,11,11
1641,PF05944,1,1
1642,PF13649,39,38
1643,PF13380,14,8
1644,PF03437,4,4
1645,PF13646,22,10
1646,PF00420,11,11
1647,PF00343,29,17
1648,PF16188,8,2
1649,PF01548,19,10
1650,PF06445,1,1
1651,PF09127,3,1
1652,PF03874,1,1
1653,PF07689,2,1
1654,PF05650,1,1
1655,PF11000,2,2
1656,PF09369,7,3
1657,PF14319,2,1
1658,PF01368,21,7
1659,PF17390,8,3
1660,PF06230,6,3
1661,PF01556,36,14
1662,PF09382,42,8
1663,PF01988,8,8
1664,PF02817,45,15
1665,PF05985,1,1
1666,PF13476,12,7
1667,PF00459,21,20
1668,PF01149,28,11
1669,PF07244,22,11
1670,PF02629,10,5
1671,PF01865,1,1
1672,PF01583,5,3
1673,PF00310,28,6
1674,PF05130,2,2
1675,PF06181,2,2
1676,PF00027,106,52
1677,PF13795,4,4
1678,PF02767,33,11
1679,PF16849,1,1
1680,PF16258,2,1
1681,PF12105,2,1
1682,PF05489,2,2
1683,PF05598,39,19
1684,PF06144,4,3
1685,PF00382,17,9
1686,PF13410,24,12
1687,PF00455,24,12
1688,PF01728,7,4
1689,PF17210,4,2
1690,PF12200,1,1
1691,PF08760,4,1
1692,PF04563,15,4
1693,PF00962,4,4
1694,PF02381,1,1
1695,PF18294,2,1
1696,PF07875,1,1
1697,PF18692,1,1
1698,PF02011,2,1
1699,PF02787,9,3
1700,PF12794,2,1
1701,PF03462,16,8
1702,PF16656,2,1
1703,PF02581,8,5
1704,PF00772,8,4
1705,PF05990,2,2
1706,PF01978,16,12
1707,PF01458,26,14
1708,PF09493,4,4
1709,PF13586,6,4
1710,PF13930,1,1
1711,PF01512,5,2
1712,PF01077,53,16
1713,PF05922,6,3
1714,PF07751,1,1
1715,PF04794,2,2
1716,PF12915,8,8
1717,PF16177,31,12
1718,PF09084,23,21
1719,PF01248,3,3
1720,PF07195,9,4
1721,PF14897,1,1
1722,PF00885,5,5
1723,PF09722,2,2
1724,PF11918,4,2
1725,PF00248,60,55
1726,PF00069,87,48
1727,PF13667,6,3
1728,PF14684,4,1
1729,PF04362,1,1
1730,PF11832,1,1
1731,PF08032,36,18
1732,PF04800,10,10
1733,PF06826,4,2
1734,PF18547,1,1
1735,PF08240,163,74
1736,PF00595,8,2
1737,PF01833,3,2
1738,PF11748,2,2
1739,PF03553,7,7
1740,PF09997,1,1
1741,PF02803,44,21
1742,PF10388,2,1
1743,PF08495,6,3
1744,PF11769,1,1
1745,PF00494,7,5
1746,PF04898,29,7
1747,PF02666,12,12
1748,PF07158,4,2
1749,PF00498,12,8
1750,PF06965,4,4
1751,PF13768,2,1
1752,PF00460,30,6
1753,PF08124,2,1
1754,PF13396,8,7
1755,PF04879,79,21
1756,PF09312,7,3
1757,PF00887,1,1
1758,PF17815,2,1
1759,PF13737,1,1
1760,PF11871,2,1
1761,PF04344,1,1
1762,PF00781,3,3
1763,PF06475,2,2
1764,PF02026,2,1
1765,PF02583,6,6
1766,PF01751,82,20
1767,PF00890,31,19
1768,PF01183,4,3
1769,PF13452,4,3
1770,PF08447,167,45
1771,PF04389,23,16
1772,PF02569,8,8
1773,PF02894,58,21
1774,PF17297,6,3
1775,PF00625,6,6
1776,PF01053,21,21
1777,PF05643,2,2
1778,PF00179,1,1
1779,PF08274,16,8
1780,PF01385,30,12
1781,PF00378,67,48
1782,PF13185,180,51
1783,PF10137,1,1
1784,PF02040,3,3
1785,PF00370,22,12
1786,PF07479,4,2
1787,PF13460,28,24
1788,PF01055,13,5
1789,PF17941,20,5
1790,PF11512,1,1
1791,PF00438,18,6
1792,PF00487,16,10
1793,PF14815,20,7
1794,PF03007,4,2
1795,PF14526,1,1
1796,PF08774,4,2
1797,PF12262,2,2
1798,PF01526,5,3
1799,PF01066,26,19
1800,PF11582,1,1
1801,PF00675,28,10
1802,PF16371,3,1
1803,PF04205,3,2
1804,PF13676,9,5
1805,PF02224,1,1
1806,PF00033,4,2
1807,PF10129,2,2
1808,PF11171,2,2
1809,PF17207,17,4
1810,PF03466,1262,465
1811,PF13036,1,1
1812,PF13162,1,1
1813,PF02348,3,3
1814,PF12728,34,26
1815,PF08534,22,18
1816,PF05991,1,1
1817,PF13398,1,1
1818,PF13328,42,12
1819,PF03968,4,3
1820,PF11784,6,2
1821,PF11146,2,2
1822,PF10990,1,1
1823,PF01179,6,2
1824,PF01791,8,8
1825,PF17042,6,3
1826,PF13403,4,4
1827,PF09863,4,2
1828,PF05833,2,1
1829,PF02613,5,5
1830,PF11003,2,2
1831,PF07681,21,21
1832,PF09397,22,6
1833,PF05406,6,2
1834,PF00717,24,16
1835,PF03690,2,2
1836,PF17243,9,4
1837,PF05534,3,3
1838,PF08367,3,1
1839,PF04993,5,5
1840,PF02156,2,2
1841,PF02469,8,7
1842,PF10370,4,2
1843,PF01584,18,6
1844,PF07670,10,4
1845,PF10983,1,1
1846,PF17885,1,1
1847,PF16881,14,7
1848,PF00875,45,22
1849,PF00486,196,98
1850,PF00318,10,10
1851,PF17938,5,3
1852,PF01804,5,4
1853,PF08817,1,1
1854,PF14226,3,3
1855,PF12385,1,1
1856,PF01112,3,3
1857,PF07589,28,16
1858,PF03445,14,4
1859,PF00723,6,4
1860,PF13411,41,31
1861,PF02450,1,1
1862,PF02617,4,4
1863,PF07927,4,4
1864,PF14312,1,1
1865,PF12804,29,23
1866,PF01807,24,6
1867,PF00908,2,2
1868,PF13183,30,11
1869,PF14501,1,1
1870,PF00909,9,9
1871,PF13288,24,8
1872,PF05896,2,1
1873,PF07087,1,1
1874,PF14437,10,10
1875,PF03550,2,2
1876,PF00023,4,2
1877,PF13582,2,2
1878,PF02514,6,5
1879,PF04675,6,2
1880,PF07584,9,5
1881,PF02606,1,1
1882,PF11148,1,1
1883,PF08029,2,1
1884,PF02958,1,1
1885,PF16826,1,1
1886,PF02633,5,5
1887,PF03961,1,1
1888,PF13366,6,6
1889,PF03169,1,1
1890,PF12974,9,5
1891,PF08446,15,2
1892,PF07063,1,1
1893,PF00453,4,4
1894,PF17761,3,1
1895,PF04657,1,1
1896,PF17411,1,1
1897,PF00889,9,9
1898,PF12849,12,11
1899,PF12320,4,2
1900,PF10150,14,8
1901,PF03544,26,20
1902,PF06966,14,14
1903,PF08521,33,12
1904,PF05681,9,5
1905,PF13351,2,1
1906,PF04977,4,4
1907,PF14833,28,14
1908,PF02560,4,4
1909,PF02705,6,6
1910,PF01569,21,21
1911,PF08009,14,7
1912,PF13275,2,2
1913,PF00756,11,10
1914,PF13964,3,1
1915,PF02979,3,3
1916,PF10049,1,1
1917,PF10776,1,1
1918,PF00593,297,107
1919,PF06764,1,1
1920,PF02876,10,1
1921,PF02744,4,2
1922,PF06742,10,3
1923,PF17837,2,1
1924,PF12501,4,2
1925,PF00529,16,8
1926,PF13605,1,1
1927,PF11880,6,1
1928,PF00359,21,9
1929,PF00115,27,21
1930,PF13466,8,7
1931,PF02412,4,2
1932,PF03725,35,12
1933,PF17680,2,1
1934,PF03963,12,7
1935,PF07748,8,2
1936,PF16203,9,3
1937,PF07756,4,2
1938,PF14066,2,1
1939,PF03358,30,30
1940,PF09424,5,5
1941,PF13190,3,3
1942,PF16313,3,1
1943,PF01152,8,8
1944,PF01256,6,3
1945,PF03253,3,2
1946,PF04564,2,1
1947,PF03412,10,5
1948,PF05618,11,7
1949,PF16347,14,6
1950,PF00732,44,20
1951,PF04390,4,4
1952,PF05979,1,1
1953,PF13484,6,2
1954,PF09579,1,1
1955,PF01991,1,1
1956,PF13432,80,33
1957,PF03524,6,6
1958,PF13050,1,1
1959,PF13749,6,3
1960,PF07610,4,3
1961,PF04173,2,1
1962,PF13400,7,6
1963,PF18312,4,2
1964,PF10518,19,7
1965,PF05063,1,1
1966,PF03746,9,9
1967,PF02535,1,1
1968,PF02542,9,8
1969,PF14155,2,2
1970,PF14269,1,1
1971,PF05343,4,4
1972,PF00196,112,63
1973,PF00478,10,5
1974,PF07980,21,7
1975,PF00342,11,11
1976,PF00932,22,8
1977,PF04983,5,1
1978,PF08173,1,1
1979,PF13133,1,1
1980,PF01915,20,6
1981,PF13437,83,46
1982,PF04465,2,2
1983,PF06968,6,3
1984,PF13530,3,1
1985,PF06988,2,2
1986,PF01409,14,7
1987,PF02653,76,45
1988,PF10935,3,2
1989,PF04586,1,1
1990,PF02844,9,3
1991,PF00479,18,9
1992,PF11761,4,1
1993,PF02785,78,17
1994,PF17391,12,4
1995,PF03733,1,1
1996,PF03444,2,1
1997,PF02773,18,6
1998,PF06289,1,1
1999,PF00195,4,2
2000,PF12832,1,1
2001,PF08533,3,1
2002,PF03120,15,3
2003,PF04174,1,1
2004,PF16363,18,16
2005,PF09137,4,2
2006,PF11843,2,2
2007,PF04066,13,13
2008,PF11903,4,4
2009,PF12710,11,9
2010,PF02620,1,1
2011,PF16355,5,1
2012,PF00676,42,17
2013,PF00556,3,1
2014,PF02423,8,8
2015,PF12551,2,1
2016,PF01923,9,9
2017,PF02607,29,6
2018,PF09365,2,2
2019,PF03349,5,5
2020,PF00877,19,11
2021,PF17656,2,1
2022,PF18348,8,4
2023,PF07022,3,2
2024,PF02239,3,1
2025,PF12447,6,1
2026,PF01300,114,58
2027,PF09349,2,1
2028,PF06831,28,11
2029,PF02334,1,1
2030,PF13826,1,1
2031,PF09544,2,2
2032,PF13241,19,7
2033,PF04453,4,3
2034,PF00710,3,2
2035,PF01274,3,3
2036,PF13492,41,10
2037,PF03091,2,2
2038,PF00731,21,20
2039,PF05448,2,2
2040,PF02649,2,2
2041,PF00668,48,7
2042,PF03144,63,15
2043,PF17932,10,5
2044,PF12434,12,3
2045,PF00830,4,4
2046,PF08348,2,1
2047,PF03135,2,2
2048,PF12291,1,1
2049,PF10747,1,1
2050,PF12158,3,2
2051,PF01645,32,10
2052,PF02826,62,32
2053,PF10052,1,1
2054,PF06470,4,2
2055,PF12847,4,4
2056,PF04986,2,1
2057,PF00108,45,22
2058,PF11014,1,1
2059,PF01380,54,27
2060,PF13353,41,14
2061,PF08482,27,7
2062,PF01154,4,2
2063,PF02730,2,1
2064,PF05166,3,3
2065,PF11104,1,1
2066,PF01297,15,15
2067,PF08002,1,1
2068,PF02673,6,6
2069,PF03334,13,13
2070,PF18042,8,4
2071,PF00656,10,7
2072,PF01609,66,33
2073,PF14498,2,2
2074,PF17263,2,2
2075,PF06871,2,2
2076,PF08242,9,2
2077,PF00850,20,20
2078,PF00121,6,6
2079,PF13456,2,1
2080,PF08220,26,13
2081,PF05728,1,1
2082,PF16970,1,1
2083,PF05751,2,2
2084,PF04012,7,6
2085,PF13590,2,2
2086,PF04020,3,3
2087,PF08332,4,3
2088,PF00941,21,8
2089,PF02737,42,17
2090,PF18321,3,1
2091,PF17775,4,2
2092,PF02903,3,1
2093,PF14355,1,1
2094,PF16233,1,1
2095,PF04567,8,2
2096,PF00009,100,30
2097,PF18081,4,2
2098,PF00384,105,31
2099,PF02541,4,4
2100,PF01381,66,45
2101,PF01170,6,3
2102,PF13638,8,4
2103,PF06779,6,6
2104,PF08905,1,1
2105,PF09348,2,2
2106,PF03372,33,26
2107,PF09055,1,1
2108,PF00929,55,33
2109,PF00507,1,1
2110,PF02086,5,5
2111,PF02447,2,2
2112,PF18765,4,3
2113,PF03786,3,3
2114,PF07470,4,3
2115,PF04999,1,1
2116,PF03486,11,10
2117,PF00977,6,4
2118,PF01799,51,21
2119,PF08013,2,2
2120,PF05816,2,2
2121,PF17764,10,3
2122,PF13537,14,7
2123,PF18563,6,1
2124,PF10372,2,1
2125,PF00579,17,13
2126,PF13404,27,15
2127,PF04087,1,1
2128,PF14026,4,3
2129,PF16867,1,1
2130,PF01931,2,2
2131,PF05506,8,4
2132,PF17214,5,1
2133,PF08681,3,3
2134,PF17827,12,6
2135,PF08338,17,9
2136,PF01739,31,11
2137,PF03720,18,5
2138,PF07698,6,2
2139,PF07080,3,3
2140,PF08887,3,2
2141,PF14329,3,3
2142,PF01313,3,3
2143,PF00028,4,2
2144,PF04168,3,3
2145,PF13675,5,2
2146,PF09860,2,1
2147,PF04809,2,2
2148,PF03776,3,3
2149,PF07920,1,1
2150,PF04138,8,5
2151,PF07609,1,1
2152,PF00765,2,2
2153,PF13491,16,4
2154,PF08335,14,6
2155,PF00368,2,2
2156,PF03649,3,3
2157,PF13292,16,6
2158,PF02945,1,1
2159,PF09981,4,2
2160,PF13781,3,2
2161,PF04715,23,11
2162,PF02562,9,5
2163,PF13086,12,3
2164,PF18541,4,2
2165,PF00246,6,6
2166,PF16132,1,1
2167,PF07055,6,2
2168,PF00150,15,12
2169,PF06421,8,2
2170,PF09721,3,3
2171,PF13663,1,1
2172,PF11893,2,1
2173,PF05175,19,13
2174,PF12831,10,6
2175,PF14042,1,1
2176,PF08141,4,3
2177,PF14486,3,3
2178,PF05430,7,6
2179,PF13698,1,1
2180,PF10385,6,1
2181,PF03417,1,1
2182,PF16926,8,3
2183,PF00557,40,19
2184,PF07696,16,5
2185,PF02424,7,7
2186,PF05433,8,7
2187,PF17855,17,4
2188,PF01194,1,1
2189,PF01071,9,3
2190,PF04280,4,4
2191,PF10026,2,2
2192,PF09209,4,2
2193,PF08557,4,2
2194,PF06439,12,10
2195,PF02604,20,18
2196,PF04386,2,2
2197,PF10634,3,3
2198,PF16548,6,2
2199,PF02091,3,3
2200,PF12079,1,1
2201,PF00135,2,2
2202,PF03428,4,2
2203,PF02811,68,16
2204,PF02254,36,18
2205,PF02570,4,3
2206,PF06983,9,7
2207,PF06080,5,5
2208,PF02872,26,17
2209,PF02283,8,7
2210,PF00324,7,7
2211,PF07581,3,1
2212,PF07624,15,3
2213,PF07907,7,4
2214,PF04187,3,2
2215,PF01764,3,3
2216,PF07787,1,1
2217,PF07456,2,2
2218,PF01416,3,3
2219,PF04340,1,1
2220,PF01527,39,25
2221,PF18339,5,1
2222,PF01795,2,2
2223,PF01204,2,2
2224,PF11812,4,2
2225,PF14659,5,2
2226,PF09383,14,7
2227,PF07370,4,4
2228,PF08894,2,1
2229,PF04019,1,1
2230,PF08386,2,1
2231,PF02002,1,1
2232,PF05275,2,2
2233,PF05943,3,2
2234,PF06827,18,6
2235,PF18138,1,1
2236,PF18331,2,1
2237,PF16290,1,1
2238,PF17963,13,6
2239,PF01379,2,1
2240,PF07317,4,2
2241,PF01471,13,11
2242,PF00444,1,1
2243,PF01047,35,31
2244,PF13566,4,2
2245,PF11645,5,5
2246,PF02481,2,1
2247,PF05495,3,3
2248,PF00484,82,77
2249,PF14864,3,1
2250,PF05127,3,1
2251,PF08892,1,1
2252,PF00547,2,2
2253,PF10029,1,1
2254,PF17384,8,4
2255,PF01520,10,5
2256,PF10458,6,2
2257,PF04434,2,2
2258,PF03485,3,1
2259,PF04070,1,1
2260,PF04914,1,1
2261,PF07969,20,18
2262,PF08351,3,1
2263,PF02467,2,2
2264,PF13173,9,5
2265,PF04325,23,21
2266,PF04608,4,4
2267,PF16499,5,1
2268,PF06005,1,1
2269,PF13408,12,4
2270,PF05496,15,5
2271,PF11772,1,1
2272,PF17805,2,1
2273,PF07719,12,6
2274,PF07286,1,1
2275,PF14452,1,1
2276,PF07332,3,3
2277,PF04773,32,17
2278,PF01924,1,1
2279,PF00586,24,12
2280,PF01513,2,2
2281,PF03632,2,1
2282,PF01206,7,5
2283,PF18105,1,1
2284,PF00587,31,11
2285,PF07701,3,1
2286,PF01867,3,3
2287,PF14685,4,1
2288,PF02335,1,1
2289,PF10400,2,1
2290,PF09684,1,1
2291,PF13556,15,9
2292,PF04095,14,5
2293,PF03552,2,1
2294,PF13203,2,1
2295,PF05136,1,1
2296,PF13593,19,19
2297,PF03706,18,15
2298,PF01571,64,24
2299,PF01740,66,35
2300,PF09423,11,7
2301,PF01995,4,2
2302,PF00667,28,9
2303,PF14588,1,1
2304,PF09864,4,2
2305,PF02585,6,4
2306,PF11953,16,8
2307,PF10647,2,1
2308,PF01113,30,15
2309,PF03729,1,1
2310,PF13861,6,2
2311,PF00358,3,1
2312,PF04655,1,1
2313,PF04828,11,11
2314,PF05443,2,2
2315,PF06185,1,1
2316,PF18821,1,1
2317,PF05670,2,1
2318,PF16357,1,1
2319,PF02836,6,2
2320,PF07308,2,2
2321,PF16927,6,3
2322,PF02798,30,15
2323,PF08019,4,2
2324,PF04299,7,7
2325,PF09350,1,1
2326,PF03967,1,1
2327,PF05988,1,1
2328,PF03899,2,2
2329,PF13349,2,2
2330,PF13320,2,2
2331,PF03060,5,5
2332,PF14053,1,1
2333,PF04266,3,3
2334,PF12034,3,1
2335,PF01070,9,9
2336,PF14522,4,3
2337,PF09297,4,2
2338,PF16326,18,6
2339,PF13682,16,6
2340,PF04972,9,7
2341,PF16448,3,1
2342,PF04366,2,2
2343,PF15604,1,1
2344,PF11553,2,2
2345,PF01839,3,1
2346,PF18030,11,4
2347,PF07593,5,2
2348,PF04748,1,1
2349,PF12616,1,1
2350,PF13941,1,1
2351,PF09626,3,3
2352,PF08486,2,2
2353,PF14527,6,2
2354,PF07586,4,4
2355,PF16870,27,6
2356,PF02926,9,6
2357,PF14065,1,1
2358,PF08411,4,2
2359,PF18113,3,1
2360,PF02397,11,9
2361,PF13311,3,1
2362,PF05096,2,2
2363,PF01890,6,2
2364,PF05345,8,3
2365,PF05336,2,2
2366,PF08379,13,5
2367,PF12019,34,18
2368,PF01120,5,3
2369,PF11731,2,2
2370,PF08345,5,3
2371,PF16491,20,10
2372,PF02660,4,4
2373,PF04307,4,4
2374,PF03102,4,2
2375,PF05226,9,5
2376,PF13279,14,12
2377,PF13563,6,6
2378,PF00013,26,8
2379,PF09233,1,1
2380,PF03551,10,9
2381,PF13089,20,5
2382,PF09604,2,2
2383,PF00296,30,28
2384,PF11141,1,1
2385,PF03959,1,1
2386,PF03308,15,7
2387,PF02572,4,4
2388,PF13444,9,6
2389,PF17674,10,2
2390,PF07103,12,12
2391,PF03567,1,1
2392,PF06243,2,2
2393,PF08028,12,4
2394,PF06133,4,4
2395,PF18050,1,1
2396,PF13507,11,5
2397,PF01597,10,10
2398,PF18364,6,2
2399,PF11827,1,1
2400,PF02225,15,6
2401,PF09754,2,2
2402,PF01797,10,10
2403,PF11939,4,3
2404,PF10057,79,73
2405,PF05222,11,6
2406,PF04193,2,2
2407,PF01921,1,1
2408,PF13472,17,15
2409,PF00199,6,4
2410,PF08808,7,6
2411,PF10082,2,2
2412,PF14340,4,4
2413,PF01262,10,5
2414,PF14903,3,3
2415,PF05488,1,1
2416,PF00450,1,1
2417,PF13101,2,1
2418,PF13429,4,1
2419,PF02223,10,10
2420,PF02014,2,2
2421,PF01226,2,2
2422,PF13710,12,7
2423,PF09851,3,3
2424,PF08741,1,1
2425,PF11233,2,2
2426,PF13937,1,1
2427,PF01364,1,1
2428,PF02913,43,15
2429,PF17972,24,3
2430,PF04073,16,11
2431,PF06305,2,2
2432,PF14850,13,4
2433,PF00239,28,15
2434,PF00754,7,2
2435,PF17937,4,2
2436,PF04244,24,24
2437,PF01058,20,13
2438,PF12450,3,1
2439,PF00571,134,66
2440,PF00268,9,9
2441,PF03264,1,1
2442,PF00005,715,328
2443,PF01293,4,4
2444,PF04371,3,3
2445,PF12902,1,1
2446,PF17831,6,3
2447,PF01699,11,11
2448,PF09956,1,1
2449,PF17677,8,2
2450,PF13746,12,4
2451,PF11964,2,2
2452,PF01627,66,22
2453,PF00153,1,1
2454,PF04225,6,3
2455,PF01668,13,13
2456,PF02790,15,6
2457,PF00078,6,4
2458,PF00301,9,5
2459,PF13039,1,1
2460,PF04417,3,3
2461,PF17899,9,3
2462,PF18496,5,1
2463,PF12806,14,3
2464,PF00327,1,1
2465,PF14200,2,1
2466,PF08123,1,1
2467,PF13473,15,7
2468,PF09707,1,1
2469,PF03129,52,22
2470,PF14088,1,1
2471,PF03255,1,1
2472,PF00728,2,1
2473,PF09900,2,2
2474,PF02547,5,5
2475,PF00520,5,5
2476,PF02630,22,20
2477,PF00891,4,3
2478,PF01497,44,35
2479,PF00218,3,3
2480,PF10973,1,1
2481,PF09351,2,2
2482,PF02494,5,2
2483,PF06429,29,6
2484,PF03265,1,1
2485,PF00700,14,6
2486,PF02275,2,2
2487,PF01965,42,30
2488,PF04960,5,5
2489,PF07884,2,1
2490,PF18374,2,1
2491,PF12048,2,2
2492,PF00224,17,10
2493,PF13174,17,6
2494,PF08281,177,81
2495,PF05949,1,1
2496,PF17874,2,1
2497,PF10074,1,1
2498,PF07635,62,12
2499,PF11667,3,3
2500,PF00701,19,19
2501,PF13337,2,1
2502,PF02049,2,2
2503,PF16193,21,7
2504,PF13240,9,5
2505,PF00871,2,2
2506,PF17191,9,3
2507,PF00400,10,5
2508,PF13692,21,9
2509,PF04402,4,4
2510,PF01501,3,3
2511,PF06127,3,3
2512,PF01028,1,1
2513,PF16158,4,2
2514,PF01451,25,18
2515,PF00485,8,8
2516,PF10531,8,3
2517,PF15975,8,4
2518,PF01282,1,1
2519,PF14412,2,1
2520,PF15461,2,2
2521,PF02374,4,4
2522,PF12730,2,2
2523,PF13641,14,10
2524,PF12525,1,1
2525,PF08478,4,2
2526,PF12771,2,2
2527,PF13531,21,21
2528,PF07568,23,9
2529,PF03625,3,3
2530,PF06481,9,4
2531,PF07261,1,1
2532,PF12096,1,1
2533,PF12156,3,1
2534,PF01884,2,2
2535,PF01432,12,8
2536,PF18754,1,1
2537,PF07623,1,1
2538,PF01904,4,4
2539,PF07799,1,1
2540,PF09130,2,1
2541,PF13689,1,1
2542,PF00662,1264,604
2543,PF08494,10,3
2544,PF14827,10,3
2545,PF01941,1,1
2546,PF05818,1,1
2547,PF00390,24,8
2548,PF16385,4,2
2549,PF00528,299,143
2550,PF03473,8,4
2551,PF12636,1,1
2552,PF10103,1,1
2553,PF06170,5,5
2554,PF13516,5,2
2555,PF08867,1,1
2556,PF07504,10,3
2557,PF16539,6,2
2558,PF10636,1,1
2559,PF12937,1,1
2560,PF13592,16,8
2561,PF08443,31,21
2562,PF03714,4,1
2563,PF13454,3,3
2564,PF05227,30,8
2565,PF00924,41,34
2566,PF05145,5,5
2567,PF13502,25,13
2568,PF00465,12,12
2569,PF05138,2,1
2570,PF06097,1,1
2571,PF16409,3,1
2572,PF01702,5,5
2573,PF02169,2,2
2574,PF09485,1,1
2575,PF00782,1,1
2576,PF13636,5,2
2577,PF05573,2,2
2578,PF08734,1,1
2579,PF11902,3,3
2580,PF18003,2,1
2581,PF01259,5,4
2582,PF00186,6,6
2583,PF07973,36,11
2584,PF00360,17,3
2585,PF18819,1,1
2586,PF01119,3,1
2587,PF00881,20,19
2588,PF01746,5,5
2589,PF06723,7,7
2590,PF14690,18,5
2591,PF13793,12,6
2592,PF05973,5,5
2593,PF01734,22,19
2594,PF01246,3,3
2595,PF08327,8,7
2596,PF02669,7,7
2597,PF03704,6,4
2598,PF08450,7,5
2599,PF10627,1,1
2600,PF13829,1,1
2601,PF01977,2,1
2602,PF14464,6,6
2603,PF01877,1,1
2604,PF11728,1,1
2605,PF04172,4,4
2606,PF05982,13,12
2607,PF03116,1,1
2608,PF08663,10,3
2609,PF01810,26,24
2610,PF13700,2,1
2611,PF10658,2,1
2612,PF09839,1,1
2613,PF12889,1,1
2614,PF03055,3,3
2615,PF04432,2,1
2616,PF04267,4,4
2617,PF10670,1,1
2618,PF02912,14,7
2619,PF01722,7,7
2620,PF04316,1,1
2621,PF07869,1,1
2622,PF17231,1,1
2623,PF12867,9,8
2624,PF03601,8,8
2625,PF04353,1,1
2626,PF18204,2,1
2627,PF13551,3,1
2628,PF00416,4,4
2629,PF03118,16,6
2630,PF00375,11,10
2631,PF01288,5,4
2632,PF05638,1,1
2633,PF01558,21,10
2634,PF00329,13,5
2635,PF07221,9,5
2636,PF07831,10,3
2637,PF03352,5,5
2638,PF16591,5,2
2639,PF14384,4,4
2640,PF00289,80,18
2641,PF00221,9,9
2642,PF05683,9,5
2643,PF08461,4,2
2644,PF16226,1,1
2645,PF17289,3,1
2646,PF05987,1,1
2647,PF12904,9,3
2648,PF08885,4,4
2649,PF07905,6,2
2650,PF06691,1,1
2651,PF10399,4,2
2652,PF12419,6,2
2653,PF00210,45,43
2654,PF08477,1,1
2655,PF04151,15,4
2656,PF14759,2,1
2657,PF01016,4,4
2658,PF02668,9,9
2659,PF13521,4,4
2660,PF00925,11,7
2661,PF02742,12,5
2662,PF09922,5,5
2663,PF07591,1,1
2664,PF11338,1,1
2665,PF05045,1,1
2666,PF05401,1,1
2667,PF04963,18,6
2668,PF13673,19,18
2669,PF03009,7,7
2670,PF09856,11,4
2671,PF08970,1,1
2672,PF14842,18,6
2673,PF01435,38,28
2674,PF08278,10,2
2675,PF02511,4,4
2676,PF08531,4,1
2677,PF06175,2,2
2678,PF08485,2,1
2679,PF17991,4,1
2680,PF14257,3,3
2681,PF10571,2,1
2682,PF17159,9,2
2683,PF07660,14,3
2684,PF01261,41,32
2685,PF00694,23,18
2686,PF09538,1,1
2687,PF00702,149,49
2688,PF02754,38,14
2689,PF18288,4,1
2690,PF01738,15,15
2691,PF04632,5,3
2692,PF14491,1,1
2693,PF00828,2,2
2694,PF13596,14,3
2695,PF12784,1,1
2696,PF13274,1,1
2697,PF03717,18,8
2698,PF04120,1,1
2699,PF01040,17,14
2700,PF00542,2,1
2701,PF01025,6,6
2702,PF03350,1,1
2703,PF12801,16,7
2704,PF09951,1,1
2705,PF04294,1,1
2706,PF08176,3,3
2707,PF04220,1,1
2708,PF05697,9,3
2709,PF01774,2,2
2710,PF12252,1,1
2711,PF00856,3,3
2712,PF01880,1,1
2713,PF03695,3,2
2714,PF13488,5,3
2715,PF12536,4,2
2716,PF03315,5,3
2717,PF07602,2,1
2718,PF18761,2,2
2719,PF04685,2,1
2720,PF05876,1,1
2721,PF18181,2,1
2722,PF13860,8,3
2723,PF04107,1,1
2724,PF12228,1,1
2725,PF03065,30,13
2726,PF02719,11,7
2727,PF03180,8,8
2728,PF00795,29,21
2729,PF02463,15,13
2730,PF01018,2,1
2731,PF14559,42,21
2732,PF02861,50,10
2733,PF05592,4,1
2734,PF03911,1,1
2735,PF17152,4,1
2736,PF13087,12,3
2737,PF01268,2,2
2738,PF14289,4,2
2739,PF04290,37,33
2740,PF11867,9,3
2741,PF16884,36,18
2742,PF05930,7,7
2743,PF13621,2,2
2744,PF06733,6,3
2745,PF00162,11,11
2746,PF03880,30,10
2747,PF01245,5,5
2748,PF05101,3,3
2749,PF00194,5,4
2750,PF01223,1,1
2751,PF17900,7,2
2752,PF04832,6,6
2753,PF07396,10,10
2754,PF04085,2,2
2755,PF12836,11,3
2756,PF11218,1,1
2757,PF01551,29,24
2758,PF00623,5,1
2759,PF18818,4,2
2760,PF00317,35,13
2761,PF07676,48,24
2762,PF00464,5,5
2763,PF05437,2,2
2764,PF07485,3,3
2765,PF00689,56,14
2766,PF01475,12,12
2767,PF02643,7,7
2768,PF04237,3,3
2769,PF02074,7,7
2770,PF07044,2,2
2771,PF04679,8,3
2772,PF00923,3,3
2773,PF01411,21,8
2774,PF04026,1,1
2775,PF11172,1,1
2776,PF01750,6,6
2777,PF03576,3,3
2778,PF07209,4,4
2779,PF07853,4,3
2780,PF04248,4,4
2781,PF00401,4,2
2782,PF02753,2,1
2783,PF05257,8,4
2784,PF09819,1,1
2785,PF03150,27,14
2786,PF01148,10,10
2787,PF10003,1,1
2788,PF04268,3,3
2789,PF03309,4,4
2790,PF11195,1,1
2791,PF04284,1,1
2792,PF10091,3,1
2793,PF08676,3,1
2794,PF13417,46,27
2795,PF16338,8,2
2796,PF05235,3,2
2797,PF08936,45,45
2798,PF10459,1,1
2799,PF00709,7,7
2800,PF05524,16,4
2801,PF02133,5,5
2802,PF00685,1,1
2803,PF18859,2,2
2804,PF01966,75,38
2805,PF13518,10,6
2806,PF00707,8,4
2807,PF13688,3,1
2808,PF14765,12,2
2809,PF07152,2,2
2810,PF01052,16,7
2811,PF01219,3,3
2812,PF02080,43,19
2813,PF00763,12,6
2814,PF10282,6,4
2815,PF16114,2,1
2816,PF16189,8,2
2817,PF09862,1,1
2818,PF10763,1,1
2819,PF02357,7,5
2820,PF17778,2,1
2821,PF13302,42,36
2822,PF08453,5,1
2823,PF11775,3,2
2824,PF13098,6,5
2825,PF12670,1,1
2826,PF11181,6,5
2827,PF09899,9,3
2828,PF02589,6,2
2829,PF07845,1,1
2830,PF15580,1,1
2831,PF13276,45,22
2832,PF12224,2,2
2833,PF06081,1,1
2834,PF07587,55,14
2835,PF03755,18,9
2836,PF03883,3,3
2837,PF13677,14,6
2838,PF12766,1,1
2839,PF18565,5,1
2840,PF07885,10,9
2841,PF00215,2,2
2842,PF06057,3,3
2843,PF00986,58,13
2844,PF01087,4,2
2845,PF09924,6,4
2846,PF03795,11,9
2847,PF06803,4,4
2848,PF10672,9,5
2849,PF00697,8,8
2850,PF02435,1,1
2851,PF11911,5,5
2852,PF05239,13,11
2853,PF03740,1,1
2854,PF13367,2,2
2855,PF02378,26,11
2856,PF00393,16,8
2857,PF01578,10,7
2858,PF05834,4,2
2859,PF13807,2,1
2860,PF12484,4,1
2861,PF08753,6,3
2862,PF00201,4,4
2863,PF01232,6,3
2864,PF07691,6,2
2865,PF09976,9,4
2866,PF04464,5,2
2867,PF12344,15,3
2868,PF03123,4,2
2869,PF03320,5,5
2870,PF14331,1,1
2871,PF01871,3,2
2872,PF03330,7,5
2873,PF03602,3,3
2874,PF01726,4,2
2875,PF06228,1,1
2876,PF02571,3,3
2877,PF08239,13,10
2878,PF00639,18,9
2879,PF13701,6,4
2880,PF03738,1,1
2881,PF08757,1,1
2882,PF04328,1,1
2883,PF13791,2,1
2884,PF02934,10,5
2885,PF02874,39,9
2886,PF14534,10,9
2887,PF00970,36,13
2888,PF00032,4,2
2889,PF05426,1,1
2890,PF00092,60,51
2891,PF03924,30,9
2892,PF00496,34,31
2893,PF02445,1,1
2894,PF09953,1,1
2895,PF10117,2,2
2896,PF13601,1,1
2897,PF00491,12,12
2898,PF03472,5,3
2899,PF10412,3,2
2900,PF14339,3,2
2901,PF01134,17,9
2902,PF13668,2,1
2903,PF00291,57,47
2904,PF07298,1,1
2905,PF01612,45,14
2906,PF00745,7,3
2907,PF09826,1,1
2908,PF10881,3,3
2909,PF03099,15,12
2910,PF02355,12,3
2911,PF03232,5,5
2912,PF06434,3,1
2913,PF14256,1,1
2914,PF16658,5,2
2915,PF11373,1,1
2916,PF07949,3,3
2917,PF02674,4,4
2918,PF03949,24,8
2919,PF09966,2,2
2920,PF04007,1,1
2921,PF14317,5,3
2922,PF05140,2,1
2923,PF05125,1,1
2924,PF01713,5,4
2925,PF06559,1,1
2926,PF12966,2,2
2927,PF13399,2,1
2928,PF13191,25,7
2929,PF13487,15,7
2930,PF11818,8,2
2931,PF03640,2,2
2932,PF11086,7,7
2933,PF07702,18,9
2934,PF06557,1,1
2935,PF02747,2,1
2936,PF01986,1,1
2937,PF00042,15,7
2938,PF07724,68,16
2939,PF00142,1,1
2940,PF02735,2,2
2941,PF07232,2,2
2942,PF01418,15,8
2943,PF16925,8,4
2944,PF02127,1,1
2945,PF02527,6,6
2946,PF11741,2,1
2947,PF03929,14,13
2948,PF01467,17,14
2949,PF14022,3,3
2950,PF13545,75,38
2951,PF16798,1,1
2952,PF03446,47,24
2953,PF12826,12,3
2954,PF13704,2,2
2955,PF01596,6,6
2956,PF00119,6,6
2957,PF13786,2,1
2958,PF02278,2,1
2959,PF00011,24,17
2960,PF02727,6,2
2961,PF03073,15,15
2962,PF09838,2,2
2963,PF11251,2,2
2964,PF02195,22,14
2965,PF13338,2,1
2966,PF01943,12,8
2967,PF06793,3,2
2968,PF11139,1,1
2969,PF02405,8,7
2970,PF01000,17,6
2971,PF11992,5,2
2972,PF14707,2,1
2973,PF10000,5,4
2974,PF04413,1,1
2975,PF01258,16,16
2976,PF13772,3,3
2977,PF12822,2,2
2978,PF14236,4,2
2979,PF01936,6,4
2980,PF10415,8,4
2981,PF11791,3,1
2982,PF17788,9,3
2983,PF18693,3,1
2984,PF10710,1,1
2985,PF02119,2,2
2986,PF02685,3,3
2987,PF07475,2,2
2988,PF13493,46,10
2989,PF13309,2,1
2990,PF02899,19,10
2991,PF16321,4,2
2992,PF11662,1,1
2993,PF08888,1,1
2994,PF15418,2,1
2995,PF11897,24,12
2996,PF10976,3,3
2997,PF00953,4,3
2998,PF08206,36,9
2999,PF00565,8,7
3000,PF14715,6,3
3001,PF13176,9,4
3002,PF01968,25,12
3003,PF01970,14,11
3004,PF17283,4,2
3005,PF06977,2,2
3006,PF05726,22,11
3007,PF09954,2,2
3008,PF12679,11,11
3009,PF13751,7,3
3010,PF01916,2,2
3011,PF02146,6,6
3012,PF04892,7,7
3013,PF00916,172,138
3014,PF00771,2,2
3015,PF17258,1,1
3016,PF11612,38,19
3017,PF00091,8,4
3018,PF12631,21,7
3019,PF05719,1,1
3020,PF11017,1,1
3021,PF01155,3,3
3022,PF11495,6,3
3023,PF14492,32,7
3024,PF03453,25,9
3025,PF09850,1,1
3026,PF13776,3,2
3027,PF10633,1,1
3028,PF13344,10,5
3029,PF14528,14,4
3030,PF10411,2,1
3031,PF03788,4,4
3032,PF01078,23,8
3033,PF11695,1,1
3034,PF13538,18,8
3035,PF13801,4,4
3036,PF03454,24,8
3037,PF17863,42,19
3038,PF02470,9,9
3039,PF03734,18,14
3040,PF07758,1,1
3041,PF03884,4,4
3042,PF13346,2,2
3043,PF13640,12,10
3044,PF14255,1,1
3045,PF01196,5,5
3046,PF17126,4,1
3047,PF07690,157,134
3048,PF06962,1,1
3049,PF02036,7,7
3050,PF14321,2,1
3051,PF04468,1,1
3052,PF16483,2,1
3053,PF07991,14,7
3054,PF10396,21,7
3055,PF00842,17,7
3056,PF00449,4,2
3057,PF00817,23,12
3058,PF02812,22,11
3059,PF05230,4,2
3060,PF03739,1,1
3061,PF12146,51,46
3062,PF03592,1,1
3063,PF01522,19,16
3064,PF08241,43,39
3065,PF00679,49,12
3066,PF05161,6,3
3067,PF09912,6,6
3068,PF03243,1,1
3069,PF10611,1,1
3070,PF06089,1,1
3071,PF00080,4,4
3072,PF05165,3,3
3073,PF09827,1,1
3074,PF02675,2,2
3075,PF00591,24,10
3076,PF10045,1,1
3077,PF12221,6,3
3078,PF01939,1,1
3079,PF06853,2,2
3080,PF02786,91,22
3081,PF00126,1256,461
3082,PF00230,1,1
3083,PF14034,1,1
3084,PF05157,42,21
3085,PF02534,1,1
3086,PF04034,2,1
3087,PF07009,1,1
3088,PF07798,1,1
3089,PF13360,42,23
3090,PF05698,15,6
3091,PF13175,10,8
3092,PF09411,2,2
3093,PF00394,11,4
3094,PF07514,1,1
3095,PF13524,14,7
3096,PF09347,7,4
3097,PF00398,3,3
3098,PF06889,1,1
3099,PF05000,5,1
3100,PF06206,1,1
3101,PF01599,1,1
3102,PF05015,4,4
3103,PF06486,1,1
3104,PF03209,1,1
3105,PF14821,8,4
3106,PF01741,1,1
3107,PF13181,55,22
3108,PF12392,2,1
3109,PF02552,15,10
3110,PF12161,24,12
3111,PF08613,1,1
3112,PF01255,13,13
3113,PF07301,1,1
3114,PF00411,5,5
3115,PF12625,17,9
3116,PF01979,82,65
3117,PF00445,1,1
3118,PF07755,2,1
3119,PF13483,4,4
3120,PF13650,5,5
3121,PF14196,3,2
3122,PF05899,1,1
3123,PF14245,4,2
3124,PF01037,57,27
3125,PF03459,7,4
3126,PF10825,2,2
3127,PF07992,233,107
3128,PF09190,14,7
3129,PF13581,9,4
3130,PF06580,23,13
3131,PF17408,2,1
3132,PF07578,2,1
3133,PF16080,1,1
3134,PF13972,2,1
3135,PF13742,8,4
3136,PF07784,1,1
3137,PF05626,2,2
3138,PF11845,13,6
3139,PF10589,5,2
3140,PF05036,18,10
3141,PF03331,2,2
3142,PF02698,2,2
3143,PF05065,2,1
3144,PF07637,17,3
3145,PF00899,12,11
3146,PF11855,1,1
3147,PF00849,24,15
3148,PF06039,12,12
3149,PF02823,8,6
3150,PF07282,37,16
3151,PF02654,5,5
3152,PF01165,4,4
3153,PF11220,1,1
3154,PF13420,5,5
3155,PF07786,3,3
3156,PF13558,5,3
3157,PF18480,2,2
3158,PF02952,2,2
3159,PF05223,6,2
3160,PF04304,3,3
3161,PF13231,16,13
3162,PF02518,1020,269
3163,PF08349,6,3
3164,PF05194,4,2
3165,PF10397,2,1
3166,PF10732,1,1
3167,PF12688,4,2
3168,PF16864,2,1
3169,PF13525,9,6
3170,PF02684,2,2
3171,PF00183,6,3
3172,PF04672,1,1
3173,PF06452,2,2
3174,PF13413,2,1
3175,PF11158,2,2
3176,PF02350,5,5
3177,PF04367,11,11
3178,PF05572,3,3
3179,PF00821,6,3
3180,PF07995,25,20
3181,PF03747,5,3
3182,PF02780,55,22
3183,PF01545,23,16
3184,PF17930,6,3
3185,PF03061,34,32
3186,PF06902,6,4
3187,PF14542,4,4
3188,PF00808,1,1
3189,PF08271,17,9
3190,PF05164,5,5
3191,PF12708,1,1
3192,PF13464,2,1
3193,PF01794,8,5
3194,PF13744,3,3
3195,PF00463,5,5
3196,PF11393,1,1
3197,PF02289,1,1
3198,PF05016,9,9
3199,PF10387,5,5
3200,PF02608,8,8
3201,PF01127,4,2
3202,PF01257,14,10
3203,PF13155,15,5
3204,PF03239,3,3
3205,PF07233,2,2
3206,PF13578,2,2
3207,PF00431,1,1
3208,PF01773,7,3
3209,PF01875,5,4
3210,PF00209,10,10
3211,PF07627,20,4
3212,PF07896,3,3
3213,PF05768,2,2
3214,PF17132,1,1
3215,PF00166,9,9
3216,PF01632,4,4
3217,PF00269,1,1
3218,PF01757,20,16
3219,PF04293,1,1
3220,PF00809,36,11
3221,PF06100,1,1
3222,PF13242,13,8
3223,PF07007,5,4
3224,PF12740,2,2
3225,PF13474,2,2
3226,PF02614,1,1
3227,PF18793,10,3
3228,PF00733,12,6
3229,PF15892,1,1
3230,PF00958,33,11
3231,PF08085,1,1
3232,PF09527,2,2
3233,PF01679,1,1
3234,PF06319,2,2
3235,PF13806,3,3
3236,PF18856,2,2
3237,PF04965,2,2
3238,PF00874,4,2
3239,PF09391,1,1
3240,PF04191,6,6
3241,PF07685,20,8
3242,PF05201,6,2
3243,PF18125,2,1
3244,PF04226,6,6
3245,PF02867,41,16
3246,PF01243,20,15
3247,PF03483,20,4
3248,PF03808,4,3
3249,PF11774,4,4
3250,PF12848,42,18
3251,PF03861,16,9
3252,PF06724,1,1
3253,PF12838,29,15
3254,PF01076,1,1
3255,PF02261,6,6
3256,PF11075,1,1
3257,PF13358,23,12
3258,PF13785,1,1
3259,PF00156,34,28
3260,PF04277,1,1
3261,PF00270,224,72
3262,PF07812,1,1
3263,PF01909,7,4
3264,PF18072,8,2
3265,PF03703,17,10
3266,PF11276,6,4
3267,PF03876,2,1
3268,PF00361,1734,840
3269,PF12080,6,3
3270,PF01790,4,4
3271,PF05694,1,1
3272,PF00736,1,1
3273,PF13244,22,11
3274,PF00544,2,1
3275,PF13384,7,4
3276,PF07452,1,1
3277,PF02938,15,5
3278,PF03641,13,7
3279,PF18505,1,1
3280,PF02501,38,19
3281,PF14819,6,3
3282,PF13501,9,6
3283,PF05545,1,1
3284,PF14094,1,1
3285,PF05189,2,1
3286,PF13376,6,5
3287,PF10099,3,3
3288,PF06736,1,1
3289,PF01138,35,12
3290,PF07947,3,3
3291,PF00367,15,6
3292,PF11941,5,2
3293,PF03629,1,1
3294,PF08378,6,4
3295,PF04909,11,11
3296,PF14367,1,1
3297,PF01872,14,12
3298,PF03479,1,1
3299,PF10988,7,5
3300,PF05089,4,2
3301,PF08406,70,34
3302,PF05954,6,4
3303,PF04784,4,4
3304,PF00313,46,42
3305,PF12411,4,2
3306,PF11015,4,4
3307,PF01022,24,21
3308,PF12872,4,2
3309,PF07510,4,3
3310,PF16859,6,3
3311,PF12607,2,1
3312,PF01618,20,20
3313,PF00288,30,14
3314,PF02599,1,1
3315,PF03606,3,3
3316,PF03600,28,18
3317,PF03851,1,1
3318,PF12695,3,3
3319,PF00472,26,18
3320,PF02277,5,5
3321,PF18458,9,3
3322,PF00933,23,8
3323,PF05729,8,4
3324,PF03658,2,2
3325,PF01132,9,3
3326,PF13177,35,17
3327,PF00456,19,8
3328,PF00762,7,7
3329,PF16653,12,6
3330,PF06441,3,3
3331,PF14508,9,3
3332,PF12643,1,1
3333,PF02151,17,4
3334,PF00351,4,4
3335,PF00861,1,1
3336,PF00672,344,105
3337,PF01323,12,12
3338,PF01758,20,20
3339,PF09357,2,1
3340,PF04610,5,5
3341,PF14539,5,5
3342,PF16184,3,1
3343,PF00117,69,37
3344,PF09479,4,1
3345,PF01136,6,3
3346,PF17957,1,1
3347,PF04326,9,6
3348,PF07754,1,1
3349,PF02729,10,5
3350,PF03411,1,1
3351,PF00521,22,11
3352,PF04306,5,5
3353,PF01925,31,30
3354,PF02256,6,1
3355,PF04349,1,1
3356,PF07021,2,2
3357,PF10741,1,1
3358,PF07728,78,41
3359,PF13148,1,1
3360,PF08479,3,2
3361,PF03796,9,5
3362,PF01891,4,4
3363,PF03029,8,6
3364,PF02838,2,1
3365,PF02600,4,4
3366,PF16657,15,6
3367,PF17946,6,3
3368,PF11973,2,1
3369,PF10162,1,1
3370,PF02682,26,10
3371,PF01063,13,13
3372,PF05134,38,19
3373,PF12081,6,3
3374,PF12566,1,1
3375,PF13243,4,2
3376,PF17755,14,7
3377,PF04552,18,6
3378,PF00072,1068,296
3379,PF02625,22,11
3380,PF04339,3,3
3381,PF04442,1,1
3382,PF17668,3,1
3383,PF07813,3,3
3384,PF00333,2,1
3385,PF04343,7,7
3386,PF09969,1,1
3387,PF09988,2,2
3388,PF13443,4,4
3389,PF04127,18,9
3390,PF00253,2,2
3391,PF13361,58,22
3392,PF00383,20,15
3393,PF07399,1,1
3394,PF03960,6,6
3395,PF00171,97,79
3396,PF04115,3,3
3397,PF02113,3,3
3398,PF05861,1,1
3399,PF07497,12,4
3400,PF00089,4,2
3401,PF09375,10,5
3402,PF13085,8,4
3403,PF02491,6,3
3404,PF04102,9,8
3405,PF04335,5,5
3406,PF09557,3,2
3407,PF13356,21,11
3408,PF16785,2,2
3409,PF13589,12,6
3410,PF08463,16,4
3411,PF04940,8,8
3412,PF16921,10,2
3413,PF02276,1,1
3414,PF13584,9,9
3415,PF03109,12,10
3416,PF01189,18,10
3417,PF00692,12,12
3418,PF04754,2,1
3419,PF01938,15,6
3420,PF13720,4,2
3421,PF11760,8,3
3422,PF13718,3,1
3423,PF01351,2,2
3424,PF01565,56,22
3425,PF14824,6,2
3426,PF06042,1,1
3427,PF05958,8,5
3428,PF09967,2,1
3429,PF00075,4,4
3430,PF00380,3,3
3431,PF03413,6,6
3432,PF01967,8,8
3433,PF05191,2,1
3434,PF07228,22,12
3435,PF01743,16,6
3436,PF11967,2,1
3437,PF11700,1,1
3438,PF00551,24,16
3439,PF01951,2,2
3440,PF13347,6,6
3441,PF18376,2,1
3442,PF02618,3,3
3443,PF14328,1,1
3444,PF01344,6,4
3445,PF08895,1,1
3446,PF00834,8,8
3447,PF03562,4,2
3448,PF12833,188,88
3449,PF16331,5,2
3450,PF14229,1,1
3451,PF06912,3,3
3452,PF00127,7,5
3453,PF15416,2,1
3454,PF00768,11,6
3455,PF13602,27,14
3456,PF01081,13,13
3457,PF05717,3,3
3458,PF08714,4,4
3459,PF01648,6,5
3460,PF01883,34,22
3461,PF16886,5,1
3462,PF09848,1,1
3463,PF13783,2,2
3464,PF08388,4,2
3465,PF07277,1,1
3466,PF00264,2,2
3467,PF00829,5,5
3468,PF13188,47,16
3469,PF07732,18,8
3470,PF13569,1,1
3471,PF01928,3,2
3472,PF13714,5,5
3473,PF00576,5,5
3474,PF01355,3,3
3475,PF01384,6,6
3476,PF13335,15,5
3477,PF03448,8,3
3478,PF02627,27,26
3479,PF08755,1,1
3480,PF17768,19,6
3481,PF01106,25,15
3482,PF13453,8,6
3483,PF00725,40,16
3484,PF04224,2,2
3485,PF02403,4,2
3486,PF12762,15,8
3487,PF04246,1,1
3488,PF10009,4,4
3489,PF13470,6,6
3490,PF08328,4,2
3491,PF13193,159,56
3492,PF03952,14,7
3493,PF10996,26,8
3494,PF04041,4,4
3495,PF02152,6,5
3496,PF03418,1,1
3497,PF13490,11,10
3498,PF02636,3,2
3499,PF06293,5,5
3500,PF18324,18,12
3501,PF00334,5,5
3502,PF07043,3,3
3503,PF14059,2,2
3504,PF04383,1,1
3505,PF16068,2,2
3506,PF12760,14,7
3507,PF00081,12,6
3508,PF00561,64,56
3509,PF01926,72,31
3510,PF08264,50,17
3511,PF17920,4,2
3512,PF01207,11,11
3513,PF08668,17,11
3514,PF00588,47,27
3515,PF18433,1,1
3516,PF04052,4,2
3517,PF05974,6,5
3518,PF00345,3,2
3519,PF07090,1,1
3520,PF14216,1,1
3521,PF13610,3,3
3522,PF00101,41,40
3523,PF05198,8,4
3524,PF11828,1,1
3525,PF14535,2,1
3526,PF17792,2,1
3527,PF00704,4,3
3528,PF04123,1,1
3529,PF01850,36,32
3530,PF12327,8,4
3531,PF02005,1,1
3532,PF17820,25,12
3533,PF10067,3,3
3534,PF09905,1,1
3535,PF00691,55,37
3536,PF00148,3,1
3537,PF01427,1,1
3538,PF01580,24,7
3539,PF03817,1,1
3540,PF15902,5,5
3541,PF13091,17,9
3542,PF07695,18,6
3543,PF10120,2,1
3544,PF01814,20,13
3545,PF08455,3,1
3546,PF02911,12,6
3547,PF11387,2,2
3548,PF08275,24,6
3549,PF04093,1,1
3550,PF03167,18,15
3551,PF10994,1,1
3552,PF17996,3,1
3553,PF01676,10,5
3554,PF00128,94,29
3555,PF02452,8,6
3556,PF02779,82,26
3557,PF04945,3,1
3558,PF00116,27,13
3559,PF09345,1,1
3560,PF07166,2,2
3561,PF03710,6,3
3562,PF17912,14,7
3563,PF04355,2,2
3564,PF10688,1,1
3565,PF00176,39,14
3566,PF18306,1,1
3567,PF17770,3,1
3568,PF00015,201,78
3569,PF02154,10,5
3570,PF05635,7,7
3571,PF08883,1,1
3572,PF00570,46,10
3573,PF00883,8,5
3574,PF13954,3,1
3575,PF17871,50,10
3576,PF07994,2,1
3577,PF00682,44,22
3578,PF10576,26,8
3579,PF04241,5,5
3580,PF16327,4,2
3581,PF02222,35,18
3582,PF11563,17,6
3583,PF06271,14,11
3584,PF04956,3,3
3585,PF10722,3,3
3586,PF12167,2,1
3587,PF02416,8,6
3588,PF06863,10,3
3589,PF15919,1,1
3590,PF06980,4,4
3591,PF17948,1,1
3592,PF00580,57,22
3593,PF00743,8,8
3594,PF03992,22,22
3595,PF02702,37,7
3596,PF01588,48,17
3597,PF13660,6,3
3598,PF13715,111,32
3599,PF02706,5,3
3600,PF14100,2,2
3601,PF07940,5,5
3602,PF02789,6,3
3603,PF04143,11,8
3604,PF10087,1,1
3605,PF14074,1,1
3606,PF07678,24,3
3607,PF06325,1,1
3608,PF13532,5,5
3609,PF01960,1,1
3610,PF09371,10,2
3611,PF06250,2,1
3612,PF05532,5,5
3613,PF11284,1,1
3614,PF02687,79,29
3615,PF02391,8,7
3616,PF12002,21,7
3617,PF08545,62,31
3618,PF12127,1,1
3619,PF09199,10,1
3620,PF00775,15,7
3621,PF16078,27,6
3622,PF01137,2,1
3623,PF00759,3,1
3624,PF00746,3,1
3625,PF08207,9,3
3626,PF13395,5,3
3627,PF12696,2,1
3628,PF01564,10,7
3629,PF18096,3,3
3630,PF13005,14,4
3631,PF03306,1,1
3632,PF14322,20,6
3633,PF06283,13,10
3634,PF01544,5,5
3635,PF09314,1,1
3636,PF08811,5,5
3637,PF01436,3,3
3638,PF01278,1,1
3639,PF01250,8,8
3640,PF01210,4,2
3641,PF04613,2,1
3642,PF13304,14,12
3643,PF07746,1,1
3644,PF10993,1,1
3645,PF13372,4,3
3646,PF02265,1,1
3647,PF00543,56,52
3648,PF00902,1,1
3649,PF13585,8,4
3650,PF04183,20,4
3651,PF09723,9,8
3652,PF11137,1,1
3653,PF00082,33,22
3654,PF06258,1,1
3655,PF08856,3,3
3656,PF02310,60,20
3657,PF01035,18,11
3658,PF03098,3,3
3659,PF07075,5,4
3660,PF07680,2,1
3661,PF09360,9,6
3662,PF09828,6,6
3663,PF13508,19,18
3664,PF12293,1,1
3665,PF17915,4,1
3666,PF16123,4,2
3667,PF09202,4,2
3668,PF13948,1,1
3669,PF02632,2,2
3670,PF03279,6,6
3671,PF01957,7,7
3672,PF00158,285,89
3673,PF01725,8,8
3674,PF11322,3,3
3675,PF00160,15,11
3676,PF05116,7,4
3677,PF01161,1,1
3678,PF02308,7,5
3679,PF07484,5,3
3680,PF12802,51,44
3681,PF08546,7,4
3682,PF13394,23,10
3683,PF06155,1,1
3684,PF00227,8,8
3685,PF02774,12,6
3686,PF09414,1,1
3687,PF14795,4,1
3688,PF06532,1,1
3689,PF02788,94,44
3690,PF04014,9,8
3691,PF03818,1,1
3692,PF06627,2,2
3693,PF06821,5,5
3694,PF04507,3,1
3695,PF13603,15,4
3696,PF00480,10,6
3697,PF04962,7,7
3698,PF12706,17,16
3699,PF02833,2,1
3700,PF06150,1,1
3701,PF03916,5,5
3702,PF00120,14,8
3703,PF03575,3,3
3704,PF04760,19,5
3705,PF00274,1,1
3706,PF06832,9,3
3707,PF07517,7,2
3708,PF07669,4,2
3709,PF05229,2,1
3710,PF11026,1,1
3711,PF13671,10,10
3712,PF16130,3,2
3713,PF10136,1,1
3714,PF10737,1,1
3715,PF00173,2,2
3716,PF04967,58,17
3717,PF16952,2,1
3718,PF04381,2,2
3719,PF02472,18,12
3720,PF07664,6,2
3721,PF02574,30,10
3722,PF03547,7,7
3723,PF13699,1,1
3724,PF04997,5,1
3725,PF01168,29,16
3726,PF02609,2,2
3727,PF03059,1,1
3728,PF02458,1,1
3729,PF13540,2,2
3730,PF07944,1,1
3731,PF14450,6,3
3732,PF10079,1,1
3733,PF09957,2,2
3734,PF02650,6,2
3735,PF13517,14,8
3736,PF15937,1,1
3737,PF01887,1,1
3738,PF03319,75,39
3739,PF00251,6,4
3740,PF08000,1,1
3741,PF03743,7,7
3742,PF05711,2,2
3743,PF13722,4,2
3744,PF01472,2,1
3745,PF16199,4,2
3746,PF04851,53,16
3747,PF02073,16,16
3748,PF12241,6,2
3749,PF02868,4,1
3750,PF00124,2,1
3751,PF01769,8,3
3752,PF10335,11,3
3753,PF07237,1,1
3754,PF02313,1,1
3755,PF17657,58,13
3756,PF01541,14,8
3757,PF00690,59,15
3758,PF00076,4,4
3759,PF06026,3,3
3760,PF07766,1,1
3761,PF18476,1,1
3762,PF02881,32,10
3763,PF06953,3,3
3764,PF02631,7,7
3765,PF04422,2,1
3766,PF10095,2,2
3767,PF14400,4,2
3768,PF00271,309,96
3769,PF13207,1,1
3770,PF14261,4,2
3771,PF07077,3,3
3772,PF08812,2,2
3773,PF03450,20,7
3774,PF04257,6,3
3775,PF10417,30,15
3776,PF05048,4,4
3777,PF00813,5,5
3778,PF01195,4,4
3779,PF01470,1,1
3780,PF00476,38,10
3781,PF01625,8,7
3782,PF01935,5,5
3783,PF11231,3,3
3784,PF13409,4,2
3785,PF01142,2,2
3786,PF03237,3,1
3787,PF02626,25,9
3788,PF14099,2,2
3789,PF02770,163,43
3790,PF13333,3,3
3791,PF06877,2,1
3792,PF09831,2,2
3793,PF08530,8,4
3794,PF07827,1,1
3795,PF04391,1,1
3796,PF13377,87,40
3797,PF10017,1,1
3798,PF00687,1,1
3799,PF16861,6,3
3800,PF16334,4,1
3801,PF12038,2,1
3802,PF18845,2,2
3803,PF16917,2,2
3804,PF01674,1,1
3805,PF01832,11,5
3806,PF06267,1,1
3807,PF13440,6,4
3808,PF05195,8,4
3809,PF13686,3,3
3810,PF13187,3,3
3811,PF09361,3,2
3812,PF15428,1,1
3813,PF02492,31,18
3814,PF13670,3,3
3815,PF01595,21,8
3816,PF02852,110,52
3817,PF03938,11,10
3818,PF02153,6,6
3819,PF18766,20,8
3820,PF08886,1,1
3821,PF05221,6,3
3822,PF04408,39,10
3823,PF14667,13,7
3824,PF04989,1,1
3825,PF14102,1,1
3826,PF01175,12,4
3827,PF00118,13,13
3828,PF02390,6,6
3829,PF00207,28,4
3830,PF01325,13,6
3831,PF05872,1,1
3832,PF02964,1,1
3833,PF11815,2,1
3834,PF06315,1,1
3835,PF00419,1,1
3836,PF16916,12,6
3837,PF06904,1,1
3838,PF13192,13,7
3839,PF12242,6,2
3840,PF11197,1,1
3841,PF13936,4,3
3842,PF02678,36,17
3843,PF09917,5,4
3844,PF11288,1,1
3845,PF13424,22,12
3846,PF18074,9,2
3847,PF04199,6,6
3848,PF03741,30,26
3849,PF07519,5,5
3850,PF05504,5,4
3851,PF16407,1,1
3852,PF11734,6,2
3853,PF02622,3,3
3854,PF02887,13,6
3855,PF17396,2,1
3856,PF17989,3,3
3857,PF02561,3,3
3858,PF01084,7,7
3859,PF09537,3,3
3860,PF11892,9,3
3861,PF05362,39,13
3862,PF04379,1,1
3863,PF06695,1,1
3864,PF18269,14,6
3865,PF09821,4,2
3866,PF01641,11,10
3867,PF11997,4,2
3868,PF04376,8,4
3869,PF08906,3,2
3870,PF00457,1,1
3871,PF03934,19,19
3872,PF08770,8,6
3873,PF05593,4,2
3874,PF02493,1,1
3875,PF16990,2,1
3876,PF11196,1,1
3877,PF07638,2,2
3878,PF01476,33,20
3879,PF08937,1,1
3880,PF02272,38,13
3881,PF15632,1,1
3882,PF13975,1,1
3883,PF00180,41,35
3884,PF03449,14,7
3885,PF09095,13,5
3886,PF07662,7,3
3887,PF14079,1,1
3888,PF03461,19,4
3889,PF00575,100,31
3890,PF01420,14,13
3891,PF01292,28,26
3892,PF07661,2,2
3893,PF17168,4,1
3894,PF14417,8,2
3895,PF07503,8,2
3896,PF08496,4,2
3897,PF13480,2,2
3898,PF16933,1,1
3899,PF13385,32,15
3900,PF07836,2,1
3901,PF07722,4,4
3902,PF04539,69,16
3903,PF13378,48,19
3904,PF10141,4,1
3905,PF04854,3,2
3906,PF00912,27,12
3907,PF01661,8,7
3908,PF01987,3,3
3909,PF04134,18,18
3910,PF11898,12,3
3911,PF08244,4,2
3912,PF07883,65,48
3913,PF00988,8,4
3914,PF01443,3,1
3915,PF02522,5,5
3916,PF04551,4,4
3917,PF00581,68,52
3918,PF04403,3,2
3919,PF17785,4,2
3920,PF01171,13,8
3921,PF16575,3,2
3922,PF05621,1,1
3923,PF01433,8,3
3924,PF11706,5,3
3925,PF11101,3,3
3926,PF02933,8,2
3927,PF00753,89,55
3928,PF00175,77,29
3929,PF01855,30,9
3930,PF06808,44,39
3931,PF17186,4,2
3932,PF12245,2,1
3933,PF02806,48,16
3934,PF02433,8,5
3935,PF13296,3,1
3936,PF14905,38,13
3937,PF11806,2,1
3938,PF02540,37,14
3939,PF04069,17,16
3940,PF00708,17,11
3941,PF12040,3,1
3942,PF00562,14,3
3943,PF17137,11,3
3944,PF08361,12,6
3945,PF13672,4,3
3946,PF03147,20,4
3947,PF04358,7,7
3948,PF05684,1,1
3949,PF11346,1,1
3950,PF04253,3,1
3951,PF09489,6,6
3952,PF02915,4,4
3953,PF08439,8,4
3954,PF03969,2,2
3955,PF05199,50,24
3956,PF13561,130,112
3957,PF01191,5,5
3958,PF07478,7,4
3959,PF08487,4,3
3960,PF08712,18,9
3961,PF01866,1,1
3962,PF01157,1,1
3963,PF13239,5,1
3964,PF10028,2,2
3965,PF09317,7,2
3966,PF01656,59,45
3967,PF13510,40,9
3968,PF11138,2,2
3969,PF01503,4,3
3970,PF08541,64,33
3971,PF01131,24,7
3972,PF02782,21,11
3973,PF12391,6,3
3974,PF00497,53,36
3975,PF12462,4,1
3976,PF10685,3,2
3977,PF08859,1,1
3978,PF13199,2,1
3979,PF03193,14,14
3980,PF17209,3,3
3981,PF11611,2,2
3982,PF01327,6,6
3983,PF04973,3,3
3984,PF06055,6,6
3985,PF01339,28,10
3986,PF02465,9,4
3987,PF10938,1,1
3988,PF07714,3,2
3989,PF12973,11,11
3990,PF00231,5,5
3991,PF03301,5,5
3992,PF03711,12,4
3993,PF18135,2,1
3994,PF00766,10,5
3995,PF04209,2,2
3996,PF01128,9,8
3997,PF13855,6,3
3998,PF06032,1,1
3999,PF09920,4,4
4000,PF18347,1,1
4001,PF17935,4,2
4002,PF13434,1,1
4003,PF08659,12,2
4004,PF08745,1,1
4005,PF17803,3,1
4006,PF07750,2,2
4007,PF00415,1,1
4008,PF16335,4,1
4009,PF09594,1,1
4010,PF07730,38,21
4011,PF13522,30,15
4012,PF02359,11,3
4013,PF01208,12,12
4014,PF01613,21,21
4015,PF05787,10,9
4016,PF07119,1,1
4017,PF12996,4,2
4018,PF07274,1,1
4019,PF07386,5,5
4020,PF04313,36,12
4021,PF13761,1,1
4022,PF18602,1,1
4023,PF05114,4,4
4024,PF02875,53,15
4025,PF12952,2,2
4026,PF07943,10,5
4027,PF02602,4,4
4028,PF17167,3,1
4029,PF00730,52,22
4030,PF14579,58,13
4031,PF01176,9,9
4032,PF01197,10,10
4033,PF03422,5,2
4034,PF02132,9,4
4035,PF02311,35,17
4036,PF05494,2,2
4037,PF08022,3,1
4038,PF06233,1,1
4039,PF01177,11,10
4040,PF01479,46,25
4041,PF00252,14,14
4042,PF08359,2,1
4043,PF17645,4,4
4044,PF12412,3,2
4045,PF01796,2,1
4046,PF03737,12,12
4047,PF02107,2,2
4048,PF13555,2,1
4049,PF18140,5,1
4050,PF02896,37,11
4051,PF03806,2,2
4052,PF02656,3,2
4053,PF01874,1,1
4054,PF02508,2,1
4055,PF08547,4,4
4056,PF11162,2,2
4057,PF11534,1,1
4058,PF00308,29,11
4059,PF03975,3,2
4060,PF05685,16,13
4061,PF07215,1,1
4062,PF01145,39,24
4063,PF00174,21,14
4064,PF13607,7,2
4065,PF10646,2,1
4066,PF07498,12,4
4067,PF00356,82,39
4068,PF00316,12,12
4069,PF00430,6,6
4070,PF03653,16,16
4071,PF16187,3,1
4072,PF02866,14,7
4073,PF13858,1,1
4074,PF13573,3,1
4075,PF09720,2,2
4076,PF00677,2,2
4077,PF02230,13,13
4078,PF12395,2,1
4079,PF13533,79,41
4080,PF14509,9,3
4081,PF13620,46,18
4082,PF18186,1,1
4083,PF04002,11,9
4084,PF00664,129,61
4085,PF14930,4,1
4086,PF03054,13,11
4087,PF05233,2,1
4088,PF09989,2,1
4089,PF12544,3,1
4090,PF01515,17,5
4091,PF01509,15,6
4092,PF11066,3,2
4093,PF07362,3,1
4094,PF02582,1,1
4095,PF11783,2,1
4096,PF13144,2,1
4097,PF14561,9,3
4098,PF00596,15,13
4099,PF18477,2,2
4100,PF13709,4,3
4101,PF02615,3,3
4102,PF03951,8,3
4103,PF16116,2,1
4104,PF17939,2,1
4105,PF14397,2,2
4106,PF00468,5,5
4107,PF01270,3,3
4108,PF07561,3,3
4109,PF10418,7,3
4110,PF02776,100,34
4111,PF02028,6,6
4112,PF12704,78,26
4113,PF02384,40,21
4114,PF08362,2,1
4115,PF05860,3,1
4116,PF07642,1,1
4117,PF14064,1,1
4118,PF05071,1,1
4119,PF04357,8,8
4120,PF13505,13,13
4121,PF13664,2,2
4122,PF00154,6,6
4123,PF16137,1,1
4124,PF13280,16,9
4125,PF00338,2,2
4126,PF09832,6,4
4127,PF17759,20,4
4128,PF11604,2,2
4129,PF06930,1,1
4130,PF09704,1,1
4131,PF06172,2,2
4132,PF11445,1,1
4133,PF01680,1,1
4134,PF04140,2,2
4135,PF08882,1,1
4136,PF13591,4,4
4137,PF08532,7,3
4138,PF13414,33,14
4139,PF00106,82,74
4140,PF16874,6,2
4141,PF06769,4,4
4142,PF18556,2,1
4143,PF12073,1,1
4144,PF13386,5,5
4145,PF07495,17,5
4146,PF03100,2,2
4147,PF00163,12,6
4148,PF06412,10,6
4149,PF01687,8,4
4150,PF10442,6,3
4151,PF10073,2,2
4152,PF17092,3,1
4153,PF00989,177,49
4154,PF00202,33,33
4155,PF18327,4,1
4156,PF04480,1,1
4157,PF12169,28,10
4158,PF12008,3,1
4159,PF03119,15,3
4160,PF14252,1,1
4161,PF18483,2,1
4162,PF00572,3,3
4163,PF16370,3,1
4164,PF13263,3,2
4165,PF16757,4,2
4166,PF02274,1,1
4167,PF03404,12,6
4168,PF00425,28,16
4169,PF08282,3,3
4170,PF17093,3,1
4171,PF13267,1,1
4172,PF05981,3,3
4173,PF03597,3,3
4174,PF14497,14,7
4175,PF16565,2,1
4176,PF01474,2,2
4177,PF05139,5,4
4178,PF06210,1,1
4179,PF01553,25,20
4180,PF00670,6,3
4181,PF11391,3,2
4182,PF14093,2,2
4183,PF04338,5,5
4184,PF05190,10,2
4185,PF08459,5,2
4186,PF13588,2,1
4187,PF13802,11,3
4188,PF00265,1,1
4189,PF13195,10,2
4190,PF13303,1,1
4191,PF13549,7,2
4192,PF08502,12,6
4193,PF04966,6,6
4194,PF06835,3,3
4195,PF16715,1,1
4196,PF13847,18,17
4197,PF18734,1,1
4198,PF16694,3,3
4199,PF13202,14,8
4200,PF05019,1,1
4201,PF06568,2,1
4202,PF14371,1,1
4203,PF15887,1,1
4204,PF14595,2,2
4205,PF01882,16,16
4206,PF10649,5,5
4207,PF00203,1,1
4208,PF07549,11,3
4209,PF13305,3,2
4210,PF02843,9,3
4211,PF02739,36,9
4212,PF03313,5,3
4213,PF04996,2,2
4214,PF04186,1,1
4215,PF01566,11,9
4216,PF03259,7,5
4217,PF02738,30,20
4218,PF04345,2,2
4219,PF14279,4,4
4220,PF04561,15,4
4221,PF01488,14,6
4222,PF02369,1,1
4223,PF02879,40,10
4224,PF03979,29,5
4225,PF01200,3,3
4226,PF00152,24,10
4227,PF10414,16,5
4228,PF13808,17,8
4229,PF13630,2,1
4230,PF13662,20,7
4231,PF05675,1,1
4232,PF18029,2,2
4233,PF01902,2,2
4234,PF01624,10,2
4235,PF00669,15,7
4236,PF13186,16,6
4237,PF00474,20,20
4238,PF04607,40,10
4239,PF08984,2,2
4240,PF01126,2,2
4241,PF16198,15,6
4242,PF18144,1,1
4243,PF01494,36,32
4244,PF06035,4,4
4245,PF07516,7,2
4246,PF04286,1,1
4247,PF11356,6,6
4248,PF02810,11,5
4249,PF10957,1,1
4250,PF13657,12,6
4251,PF17125,6,2
4252,PF02677,1,1
4253,PF18076,8,2
4254,PF17864,12,4
4255,PF06689,3,1
4256,PF11213,2,2
4257,PF13184,14,5
4258,PF02873,4,2
4259,PF04305,2,2
4260,PF13442,58,31
4261,PF14307,2,1
4262,PF01163,5,3
4263,PF01937,1,1
4264,PF17850,3,1
4265,PF02302,12,6
4266,PF01933,3,3
4267,PF11103,2,1
4268,PF01209,7,7
4269,PF01554,18,18
4270,PF13287,2,1
4271,PF10615,6,3
4272,PF02576,8,4
4273,PF18417,2,1
4274,PF13103,4,4
4275,PF13759,2,2
4276,PF02543,6,3
4277,PF00232,6,6
4278,PF12693,38,19
4279,PF13382,12,6
4280,PF11730,1,1
4281,PF13307,8,5
4282,PF17653,1,1
4283,PF03819,5,5
4284,PF07872,1,1
4285,PF04230,2,2
4286,PF01637,1,1
4287,PF04028,4,4
4288,PF09996,3,3
