,AAnum dab1,AAnum dab2,conservedResi,percent ID,active_site
1505,0,0,-,0.999790838736666,0.0
801,338,0,-,0.5170466429617235,0.0
800,337,0,-,0.5166283204350555,0.0
799,336,0,-,0.5143275465383811,0.0
1712,0,0,-,0.9506379418531687,0.0
1711,0,0,-,0.9627692951265425,0.0
1233,0,0,-,0.999790838736666,0.0
802,339,0,-,0.5185107718050617,0.0
1710,0,0,-,0.9665341978665551,0.0
1236,0,0,-,0.9993725162099979,0.0
1708,0,0,-,0.9694624555532315,0.0
1238,0,0,-,0.9995816774733319,0.0
1707,0,0,-,0.9985358711566618,0.0
1240,0,0,-,0.9989541936833298,0.0
1706,0,0,-,0.9985358711566618,0.0
1709,0,0,-,0.9667433591298892,0.0
803,340,0,-,0.5293871574984312,0.0
804,341,0,-,0.5421459945618071,0.0
805,342,0,-,0.6521648190755072,0.0
820,357,0,-,0.9259569127797532,0.0
819,356,0,-,0.9257477515164192,0.0
818,355,0,-,0.9251202677264171,0.0
817,354,0,-,0.924283622673081,0.0
816,353,0,-,0.9230286550930767,0.0
815,352,0,-,0.9211462037230704,0.0
814,351,0,-,0.9182179460363941,0.0
813,350,0,-,0.9104789792930349,0.0
812,349,0,-,0.9071323990796905,0.0
811,348,0,-,0.9062957540263543,0.0
810,347,0,-,0.9052499477096841,0.0
809,346,0,-,0.904622463919682,0.0
808,345,0,-,0.9039949801296799,0.0
807,344,0,-,0.9008575611796695,0.0
806,343,0,-,0.8807780798996026,0.0
1705,0,0,-,0.9991633549466639,0.0
821,358,0,-,0.9276302028864254,0.0
1243,0,0,-,0.999790838736666,0.0
784,321,0,-,0.32085337795440283,0.0
1703,0,0,-,0.9991633549466639,0.0
763,0,0,-,0.9983267098933277,0.0
762,0,0,-,0.999790838736666,0.0
761,0,0,-,0.9993725162099979,0.0
1702,0,0,-,0.9993725162099979,0.0
1251,0,0,-,0.9987450324199958,0.0
765,0,0,-,0.9987450324199958,0.0
758,0,0,-,0.9979083873666597,0.0
756,0,0,-,0.9993725162099979,0.0
755,0,0,-,0.9979083873666597,0.0
1701,0,0,-,0.9995816774733319,0.0
753,0,0,-,0.9995816774733319,0.0
752,0,0,-,0.9995816774733319,0.0
751,0,0,-,0.9995816774733319,0.0
757,0,0,-,0.9981175486299937,0.0
766,0,0,-,0.9987450324199958,0.0
1248,0,0,-,0.9993725162099979,0.0
768,0,0,-,0.9991633549466639,0.0
1704,0,0,-,0.9991633549466639,0.0
1245,0,0,-,0.999790838736666,0.0
781,318,0,-,0.49466638778498223,0.0
780,317,0,-,0.6015477933486718,0.0
779,0,0,-,0.8182388621627275,0.0
778,0,0,-,0.938088266053127,0.0
777,0,0,-,0.993306839573311,0.0
776,0,0,-,0.999790838736666,0.0
775,0,0,-,0.9960259359966535,0.0
774,0,0,-,0.9876594854632922,0.0
773,0,0,-,0.855678728299519,0.0
772,0,0,-,0.718887262079063,0.0
771,316,0,-,0.5471658648818238,0.0
1246,0,0,-,0.999790838736666,0.0
1247,0,0,-,0.999790838736666,0.0
785,322,0,-,0.3336122150177787,0.0
822,359,0,-,0.9276302028864254,0.0
823,360,0,-,0.9284668479397615,0.0
824,361,0,-,0.9305584605731019,0.0
876,380,0,-,0.9276302028864254,0.0
875,379,0,-,0.9284668479397615,0.0
874,378,0,-,0.9290943317297636,0.0
873,377,0,-,0.931185944363104,0.0
872,376,0,-,0.9318134281531061,0.0
871,375,0,-,0.9322317506797742,0.0
877,381,0,-,0.9274210416230914,0.0
870,374,0,-,0.9322317506797742,0.0
868,372,0,-,0.9345325245764484,0.0
867,371,0,-,0.9347416858397825,0.0
866,370,0,-,0.9353691696297846,0.0
865,0,0,-,0.9458272327964861,0.0
864,0,0,-,0.9512654256431708,0.0
863,0,0,-,0.9558669734365196,0.0
869,373,0,-,0.9326500732064422,0.0
878,382,0,-,0.9259569127797532,0.0
879,383,0,-,0.9251202677264171,0.0
880,384,0,-,0.924911106463083,0.0
895,399,0,-,0.5212298682284041,0.0
894,398,0,-,0.5356619953984522,0.0
893,397,0,-,0.5457017360384857,0.0
892,396,0,-,0.6799832670989333,0.0
891,395,0,-,0.8924911106463083,0.0
890,394,0,-,0.9031583350763439,0.0
889,393,0,-,0.904413302656348,0.0
888,392,0,-,0.9048316251830161,0.0
887,391,0,-,0.9060865927630203,0.0
886,390,0,-,0.9067140765530224,0.0
885,389,0,-,0.9098514955030328,0.0
884,388,0,-,0.9115247856097051,0.0
883,387,0,-,0.9192637523530642,0.0
882,386,0,-,0.9228194938297427,0.0
881,385,0,-,0.9234469776197448,0.0
862,0,0,-,0.9629784563898766,0.0
861,0,0,-,0.965697552813219,0.0
860,0,0,-,0.9696716168165656,0.0
859,0,0,-,0.9744823258732482,0.0
839,0,0,-,0.9774105835599247,0.0
838,0,0,-,0.9700899393432336,0.0
837,0,0,-,0.9692532942898975,0.0
836,0,0,-,0.9640242627065467,0.0
835,0,0,-,0.9627692951265425,0.0
834,0,0,-,0.9556578121731856,0.0
833,0,0,-,0.9464547165864882,0.0
832,369,0,-,0.9353691696297846,0.0
831,368,0,-,0.9347416858397825,0.0
830,367,0,-,0.9345325245764484,0.0
829,366,0,-,0.9345325245764484,0.0
828,365,0,-,0.9324409119431082,0.0
827,364,0,-,0.9322317506797742,0.0
826,363,0,-,0.9322317506797742,0.0
825,362,0,-,0.931185944363104,0.0
840,0,0,-,0.9836854214599456,0.0
1253,0,0,-,0.9993725162099979,0.0
841,0,0,-,0.9876594854632922,0.0
843,0,0,-,0.9972809035766576,0.0
858,0,0,-,0.9776197448232588,0.0
857,0,0,-,0.9859861953566199,0.0
856,0,0,-,0.9897510980966325,0.0
855,0,0,-,0.9962350972599875,0.0
854,0,0,-,0.9991633549466639,0.0
853,0,0,-,0.9993725162099979,0.0
852,0,0,-,0.9995816774733319,0.0
851,0,0,-,0.999790838736666,0.0
850,0,0,-,0.999790838736666,0.0
849,0,0,-,0.999790838736666,0.0
848,0,0,-,0.999790838736666,0.0
847,0,0,-,0.999790838736666,0.0
846,0,0,-,0.999790838736666,0.0
845,0,0,-,0.9995816774733319,0.0
844,0,0,-,0.9991633549466639,0.0
842,0,0,-,0.9951892909433173,0.0
1507,0,0,-,0.9953984522066514,0.0
748,0,0,-,0.999790838736666,0.0
747,0,0,-,0.999790838736666,0.0
652,0,0,-,0.9989541936833298,0.0
651,0,0,-,0.9991633549466639,0.0
1302,0,0,-,0.999790838736666,0.0
649,0,0,-,0.9991633549466639,0.0
648,0,0,-,0.9995816774733319,0.0
647,0,0,-,0.9995816774733319,0.0
1301,0,0,-,0.999790838736666,0.0
646,0,0,-,0.9991633549466639,0.0
644,0,0,-,0.9995816774733319,0.0
643,0,0,-,0.9995816774733319,0.0
642,0,0,-,0.9995816774733319,0.0
1639,0,0,-,0.9993725162099979,0.0
1637,0,0,-,0.9993725162099979,0.0
639,0,0,-,0.9989541936833298,0.0
1303,0,0,-,0.999790838736666,0.0
1640,0,0,-,0.9993725162099979,0.0
1641,0,0,-,0.9993725162099979,0.0
1298,0,0,-,0.9995816774733319,0.0
1283,0,0,-,0.999790838736666,0.0
1665,0,0,-,0.999790838736666,0.0
1285,0,0,-,0.999790838736666,0.0
1664,0,0,-,0.999790838736666,0.0
1663,0,0,-,0.999790838736666,0.0
1662,0,0,-,0.999790838736666,0.0
1659,0,0,-,0.9995816774733319,0.0
1654,0,0,-,0.999790838736666,0.0
1653,0,0,-,0.999790838736666,0.0
1652,0,0,-,0.999790838736666,0.0
1647,0,0,-,0.999790838736666,0.0
1646,0,0,-,0.999790838736666,0.0
1644,0,0,-,0.9993725162099979,0.0
1643,0,0,-,0.999790838736666,0.0
1297,0,0,-,0.9995816774733319,0.0
638,0,0,-,0.999790838736666,0.0
637,0,0,-,0.999790838736666,0.0
636,0,0,-,0.999790838736666,0.0
635,0,0,-,0.999790838736666,0.0
1310,0,0,-,0.9995816774733319,0.0
1635,0,0,-,0.999790838736666,0.0
1312,0,0,-,0.999790838736666,0.0
612,0,0,-,0.999790838736666,0.0
611,0,0,-,0.999790838736666,0.0
610,0,0,-,0.999790838736666,0.0
1313,0,0,-,0.999790838736666,0.0
608,0,0,-,0.9993725162099979,0.0
607,0,0,-,0.9993725162099979,0.0
606,0,0,-,0.9993725162099979,0.0
1314,0,0,-,0.999790838736666,0.0
1315,0,0,-,0.999790838736666,0.0
1316,0,0,-,0.999790838736666,0.0
602,0,0,-,0.9995816774733319,0.0
601,0,0,-,0.999790838736666,0.0
616,0,0,-,0.9989541936833298,0.0
1666,0,0,-,0.999790838736666,0.0
617,0,0,-,0.999790838736666,0.0
619,0,0,-,0.9987450324199958,0.0
634,0,0,-,0.999790838736666,0.0
1306,0,0,-,0.9995816774733319,0.0
632,0,0,-,0.9916335494666387,0.0
631,0,0,-,0.9953984522066514,0.0
630,0,0,-,0.9945618071533152,0.0
1636,0,0,-,0.9993725162099979,0.0
628,0,0,-,0.9989541936833298,0.0
627,0,0,-,0.9991633549466639,0.0
626,0,0,-,0.9991633549466639,0.0
1308,0,0,-,0.9995816774733319,0.0
624,0,0,-,0.9893327755699645,0.0
623,0,0,-,0.9893327755699645,0.0
622,0,0,-,0.999790838736666,0.0
621,0,0,-,0.9893327755699645,0.0
1309,0,0,-,0.9995816774733319,0.0
618,0,0,-,0.999790838736666,0.0
896,400,0,-,0.5185107718050617,0.0
1281,0,0,-,0.9995816774733319,0.0
1668,0,0,-,0.999790838736666,0.0
1690,0,0,-,0.9667433591298892,0.0
726,0,0,-,0.9995816774733319,0.0
725,0,0,-,0.9995816774733319,0.0
724,0,0,-,0.9995816774733319,0.0
723,0,0,-,0.9995816774733319,0.0
1689,0,0,-,0.965697552813219,0.0
1691,0,0,-,0.9673708429198913,0.0
1688,0,0,-,0.9541936833298473,0.0
719,0,0,-,0.999790838736666,0.0
718,0,0,-,0.999790838736666,0.0
717,0,0,-,0.999790838736666,0.0
716,0,0,-,0.999790838736666,0.0
715,0,0,-,0.999790838736666,0.0
714,0,0,-,0.999790838736666,0.0
1675,0,0,-,0.9995816774733319,0.0
729,0,0,-,0.999790838736666,0.0
1692,0,0,-,0.9983267098933277,0.0
1693,0,0,-,0.9985358711566618,0.0
746,0,0,-,0.999790838736666,0.0
1700,0,0,-,0.9995816774733319,0.0
744,0,0,-,0.9989541936833298,0.0
743,0,0,-,0.999790838736666,0.0
742,0,0,-,0.9989541936833298,0.0
1255,0,0,-,0.9979083873666597,0.0
1699,0,0,-,0.9995816774733319,0.0
1257,0,0,-,0.9976992261033256,0.0
1698,0,0,-,0.9995816774733319,0.0
1259,0,0,-,0.9995816774733319,0.0
1697,0,0,-,0.9993725162099979,0.0
1261,0,0,-,0.9991633549466639,0.0
1696,0,0,-,0.9991633549466639,0.0
1695,0,0,-,0.9991633549466639,0.0
1694,0,0,-,0.9991633549466639,0.0
1674,0,0,-,0.9995816774733319,0.0
712,0,0,-,0.999790838736666,0.0
1673,0,0,-,0.999790838736666,0.0
1672,0,0,-,0.9995816774733319,0.0
1278,0,0,-,0.999790838736666,0.0
689,0,0,-,0.9972809035766576,0.0
688,0,0,-,0.9993725162099979,0.0
687,0,0,-,0.999790838736666,0.0
686,0,0,-,0.999790838736666,0.0
685,0,0,-,0.9972809035766576,0.0
684,281,0,-,0.7705500941225685,0.0
683,0,0,-,0.9993725162099979,0.0
682,280,0,-,0.8174022171093913,0.0
681,0,0,-,0.9989541936833298,0.0
680,0,0,-,0.9995816774733319,0.0
679,0,0,-,0.999790838736666,0.0
678,0,0,-,0.999790838736666,0.0
677,0,0,-,0.9995816774733319,0.0
1279,0,0,-,0.9981175486299937,0.0
1277,0,0,-,0.999790838736666,0.0
674,0,0,-,0.9989541936833298,0.0
692,0,0,-,0.9987450324199958,0.0
694,0,0,-,0.9960259359966535,0.0
709,0,0,-,0.999790838736666,0.0
1671,0,0,-,0.9995816774733319,0.0
707,0,0,-,0.9951892909433173,0.0
706,0,0,-,0.9970717423133236,0.0
705,0,0,-,0.9987450324199958,0.0
704,0,0,-,0.9989541936833298,0.0
703,0,0,-,0.9991633549466639,0.0
702,0,0,-,0.9995816774733319,0.0
701,0,0,-,0.999790838736666,0.0
700,0,0,-,0.999790838736666,0.0
699,0,0,-,0.999790838736666,0.0
698,0,0,-,0.9991633549466639,0.0
697,0,0,-,0.9989541936833298,0.0
696,0,0,-,0.9987450324199958,0.0
695,0,0,-,0.9976992261033256,0.0
1669,0,0,-,0.999790838736666,0.0
897,401,0,-,0.5168374816983895,0.0
898,402,0,-,0.5153733528550513,0.0
899,403,0,-,0.513700062748379,0.0
1898,0,0,-,0.999790838736666,0.0
1899,0,0,-,0.999790838736666,0.0
1900,0,0,-,0.999790838736666,0.0
1901,0,0,-,0.999790838736666,0.0
1903,0,0,-,0.9993725162099979,0.0
1904,0,0,-,0.9995816774733319,0.0
1897,0,0,-,0.999790838736666,0.0
1905,0,0,-,0.9995816774733319,0.0
1907,0,0,-,0.9995816774733319,0.0
1908,0,0,-,0.9995816774733319,0.0
1909,0,0,-,0.9995816774733319,0.0
1910,0,0,-,0.9993725162099979,0.0
1912,0,0,-,0.9989541936833298,0.0
1913,0,0,-,0.9989541936833298,0.0
1906,0,0,-,0.9995816774733319,0.0
1896,0,0,-,0.999790838736666,0.0
1895,0,0,-,0.999790838736666,0.0
1892,0,0,-,0.999790838736666,0.0
1888,0,0,-,0.999790838736666,0.0
1889,0,0,-,0.999790838736666,0.0
1118,0,0,-,0.9966534197866556,0.0
1117,0,0,-,0.9972809035766576,0.0
1116,0,0,-,0.999790838736666,0.0
1115,0,0,-,0.999790838736666,0.0
1114,0,0,-,0.999790838736666,0.0
1113,0,0,-,0.999790838736666,0.0
1112,0,0,-,0.9972809035766576,0.0
1111,0,0,-,0.9972809035766576,0.0
1890,0,0,-,0.999790838736666,0.0
1891,0,0,-,0.999790838736666,0.0
1108,0,0,-,0.9993725162099979,0.0
1107,0,0,-,0.9995816774733319,0.0
1106,0,0,-,0.9993725162099979,0.0
1914,0,0,-,0.9989541936833298,0.0
1915,0,0,-,0.9993725162099979,0.0
1085,0,0,-,0.999790838736666,0.0
1916,0,0,-,0.9989541936833298,0.0
1064,0,0,-,0.8998117548629994,0.0
1063,0,0,-,0.9004392386530015,0.0
1062,0,0,-,0.9037858188663459,0.0
1061,0,0,-,0.904622463919682,0.0
1060,0,0,-,0.9048316251830161,0.0
1059,0,0,-,0.9054591089730182,0.0
1058,0,0,-,0.9058774314996862,0.0
1057,0,0,-,0.9069232378163564,0.0
1056,0,0,-,0.9085965279230287,0.0
1055,0,0,-,0.9094331729763647,0.0
1054,0,0,-,0.9094331729763647,0.0
1053,0,0,-,0.9096423342396988,0.0
1052,0,0,-,0.9104789792930349,0.0
1051,0,0,-,0.9106881405563689,0.0
1050,0,0,-,0.999790838736666,0.0
1065,0,0,-,0.8958376908596528,0.0
1887,0,0,-,0.999790838736666,0.0
1066,0,0,-,0.8895628529596319,0.0
1068,0,0,-,0.8554695670361849,0.0
1917,0,0,-,0.9989541936833298,0.0
1918,0,0,-,0.9989541936833298,0.0
1081,0,0,-,0.9820121313532734,0.0
1080,0,0,-,0.9981175486299937,0.0
1079,0,0,-,0.9993725162099979,0.0
1078,0,0,-,0.999790838736666,0.0
1077,0,0,-,0.999790838736666,0.0
1076,0,0,-,0.999790838736666,0.0
1075,0,0,-,0.9991633549466639,0.0
1074,0,0,-,0.9937251620999791,0.0
1920,0,0,-,0.999790838736666,0.0
1921,0,0,-,0.5544865090985149,0.0
1940,0,0,-,0.999790838736666,0.0
1948,0,0,-,0.999790838736666,0.0
1069,0,0,-,0.7699226103325664,0.0
1067,0,0,-,0.8822422087429408,0.0
1049,0,0,-,0.999790838736666,0.0
1886,0,0,-,0.999790838736666,0.0
1884,0,0,-,0.999790838736666,0.0
1176,0,0,-,0.999790838736666,0.0
1175,0,0,-,0.999790838736666,0.0
1174,0,0,-,0.999790838736666,0.0
1173,0,0,-,0.999790838736666,0.0
1172,0,0,-,0.999790838736666,0.0
1171,0,0,-,0.999790838736666,0.0
1177,0,0,-,0.999790838736666,0.0
1170,0,0,-,0.999790838736666,0.0
1168,0,0,-,0.999790838736666,0.0
1167,0,0,-,0.999790838736666,0.0
1166,0,0,-,0.999790838736666,0.0
1165,0,0,-,0.999790838736666,0.0
1164,0,0,-,0.9981175486299937,0.0
1792,0,0,-,0.9989541936833298,0.0
1169,0,0,-,0.999790838736666,0.0
1178,0,0,-,0.999790838736666,0.0
1179,0,0,-,0.999790838736666,0.0
1180,0,0,-,0.999790838736666,0.0
1726,837,0,-,0.7224430035557414,0.0
1760,0,0,-,0.999790838736666,0.0
1763,0,0,-,0.999790838736666,0.0
1764,0,0,-,0.999790838736666,0.0
1765,0,0,-,0.999790838736666,0.0
1190,0,0,-,0.9995816774733319,0.0
1766,0,0,-,0.999790838736666,0.0
1767,0,0,-,0.999790838736666,0.0
1771,0,0,-,0.999790838736666,0.0
1186,0,0,-,0.999790838736666,0.0
1788,0,0,-,0.9905877431499687,0.0
1184,0,0,-,0.9976992261033256,0.0
1183,0,0,-,0.9981175486299937,0.0
1182,0,0,-,0.999790838736666,0.0
1181,0,0,-,0.999790838736666,0.0
1793,0,0,-,0.9985358711566618,0.0
1161,0,0,-,0.9985358711566618,0.0
1795,0,0,-,0.9981175486299937,0.0
1796,0,0,-,0.9968625810499896,0.0
1139,0,0,-,0.999790838736666,0.0
1833,0,0,-,0.999790838736666,0.0
1849,0,0,-,0.999790838736666,0.0
1136,0,0,-,0.999790838736666,0.0
1851,0,0,-,0.999790838736666,0.0
1852,0,0,-,0.999790838736666,0.0
1853,0,0,-,0.999790838736666,0.0
1860,0,0,-,0.999790838736666,0.0
1861,0,0,-,0.999790838736666,0.0
1875,0,0,-,0.999790838736666,0.0
1879,0,0,-,0.999790838736666,0.0
1880,0,0,-,0.999790838736666,0.0
1881,0,0,-,0.999790838736666,0.0
1882,0,0,-,0.999790838736666,0.0
1883,0,0,-,0.999790838736666,0.0
1832,0,0,-,0.999790838736666,0.0
1885,0,0,-,0.999790838736666,0.0
1141,0,0,-,0.999790838736666,0.0
1143,0,0,-,0.999790838736666,0.0
1798,0,0,-,0.9995816774733319,0.0
1799,0,0,-,0.9991633549466639,0.0
1801,0,0,-,0.9995816774733319,0.0
1802,0,0,-,0.9995816774733319,0.0
1828,0,0,-,0.999790838736666,0.0
1153,0,0,-,0.9991633549466639,0.0
1152,0,0,-,0.999790838736666,0.0
1151,0,0,-,0.999790838736666,0.0
1150,0,0,-,0.9995816774733319,0.0
1829,0,0,-,0.999790838736666,0.0
1831,0,0,-,0.999790838736666,0.0
1147,0,0,-,0.999790838736666,0.0
1146,0,0,-,0.999790838736666,0.0
1145,0,0,-,0.999790838736666,0.0
1144,0,0,-,0.999790838736666,0.0
1142,0,0,-,0.999790838736666,0.0
600,0,0,-,0.9995816774733319,0.0
1048,0,0,-,0.9974900648399916,0.0
1046,0,0,-,0.9104789792930349,0.0
951,0,0,-,0.9995816774733319,0.0
950,0,0,-,0.9993725162099979,0.0
949,0,0,-,0.9993725162099979,0.0
948,0,0,-,0.9993725162099979,0.0
947,0,0,-,0.9989541936833298,0.0
946,0,0,-,0.9987450324199958,0.0
952,0,0,-,0.9995816774733319,0.0
945,0,0,-,0.9987450324199958,0.0
943,0,0,-,0.9953984522066514,0.0
942,0,0,-,0.9901694206233006,0.0
1207,0,0,-,0.9979083873666597,0.0
1208,0,0,-,0.9985358711566618,0.0
1209,0,0,-,0.999790838736666,0.0
938,0,0,-,0.999790838736666,0.0
944,0,0,-,0.9964442585233215,0.0
953,0,0,-,0.9995816774733319,0.0
954,0,0,-,0.9995816774733319,0.0
955,0,0,-,0.9995816774733319,0.0
970,0,0,-,0.9995816774733319,0.0
969,0,0,-,0.9995816774733319,0.0
968,0,0,-,0.9995816774733319,0.0
967,0,0,-,0.9995816774733319,0.0
966,0,0,-,0.9995816774733319,0.0
965,0,0,-,0.9995816774733319,0.0
964,0,0,-,0.9995816774733319,0.0
963,0,0,-,0.9995816774733319,0.0
962,0,0,-,0.9995816774733319,0.0
961,0,0,-,0.999790838736666,0.0
960,0,0,-,0.999790838736666,0.0
959,0,0,-,0.999790838736666,0.0
958,0,0,-,0.9995816774733319,0.0
957,0,0,-,0.9995816774733319,0.0
956,0,0,-,0.9995816774733319,0.0
937,0,0,-,0.999790838736666,0.0
1210,0,0,-,0.999790838736666,0.0
935,0,0,-,0.9995816774733319,0.0
934,0,0,-,0.9995816774733319,0.0
914,0,0,-,0.9976992261033256,0.0
913,0,0,-,0.999790838736666,0.0
1219,0,0,-,0.9974900648399916,0.0
911,0,0,-,0.9989541936833298,0.0
1220,0,0,-,0.979711357456599,0.0
1221,0,0,-,0.9728090357665761,0.0
1222,0,0,-,0.9600501987032002,0.0
1223,0,0,-,0.9422714913198076,0.0
1224,0,0,-,0.8115457017360385,0.0
1225,0,0,-,0.6950428780589835,0.0
1226,0,0,-,0.3057937669943526,0.0
1227,0,0,-,0.29428989751098095,0.0
1228,0,0,-,0.25789583769085966,0.0
1229,0,0,Y,0.36268563062120895,0.0
1715,830,0,-,0.2794394478142648,0.0
1218,0,0,-,0.9981175486299937,0.0
971,0,0,-,0.9993725162099979,0.0
916,0,0,-,0.9993725162099979,0.0
918,0,0,-,0.9993725162099979,0.0
1211,0,0,-,0.999790838736666,0.0
932,0,0,-,0.999790838736666,0.0
1212,0,0,-,0.999790838736666,0.0
930,0,0,-,0.9993725162099979,0.0
1213,0,0,-,0.999790838736666,0.0
928,0,0,-,0.9989541936833298,0.0
927,0,0,-,0.9991633549466639,0.0
1214,0,0,-,0.999790838736666,0.0
925,0,0,-,0.9983267098933277,0.0
924,0,0,-,0.9989541936833298,0.0
1215,0,0,-,0.999790838736666,0.0
922,0,0,-,0.9987450324199958,0.0
921,0,0,-,0.999790838736666,0.0
1216,0,0,-,0.999790838736666,0.0
919,0,0,-,0.9953984522066514,0.0
1217,0,0,-,0.9987450324199958,0.0
1047,0,0,-,0.9106881405563689,0.0
972,0,0,-,0.9993725162099979,0.0
974,0,0,-,0.9987450324199958,0.0
1955,0,0,-,0.9981175486299937,0.0
1956,0,0,-,0.9981175486299937,0.0
1024,0,0,-,0.999790838736666,0.0
1957,0,0,-,0.9995816774733319,0.0
1958,0,0,-,0.9995816774733319,0.0
1959,0,0,-,0.9995816774733319,0.0
1954,0,0,-,0.9981175486299937,0.0
1960,0,0,-,0.9995816774733319,0.0
1018,0,0,-,0.999790838736666,0.0
1017,0,0,-,0.999790838736666,0.0
1961,0,0,-,0.9995816774733319,0.0
1962,0,0,-,0.9995816774733319,0.0
1014,0,0,-,0.9991633549466639,0.0
1013,0,0,-,0.9991633549466639,0.0
1019,0,0,-,0.999790838736666,0.0
1952,0,0,-,0.9995816774733319,0.0
1950,0,0,-,0.9995816774733319,0.0
1030,0,0,-,0.8368542145994562,0.0
1045,0,0,-,0.9094331729763647,0.0
1044,0,0,-,0.9094331729763647,0.0
1043,0,0,-,0.9094331729763647,0.0
1042,0,0,-,0.9081782053963606,0.0
1041,0,0,-,0.9067140765530224,0.0
1040,0,0,-,0.9056682702363522,0.0
1039,0,0,-,0.9050407864463501,0.0
1038,0,0,-,0.904622463919682,0.0
1037,0,0,-,0.904204141393014,0.0
1036,0,0,-,0.9019033674963397,0.0
1035,0,0,-,0.9000209161263334,0.0
1034,0,0,-,0.897092658439657,0.0
1033,0,0,-,0.8927002719096423,0.0
1032,0,0,-,0.8872620790629575,0.0
1031,0,0,-,0.8665551139928885,0.0
1012,0,0,-,0.9991633549466639,0.0
1011,0,0,-,0.9993725162099979,0.0
1010,0,0,-,0.9993725162099979,0.0
1009,0,0,-,0.9993725162099979,0.0
1969,0,0,-,0.9981175486299937,0.0
1723,0,0,-,0.9895419368332985,0.0
1722,0,0,-,0.9640242627065467,0.0
1721,835,0,-,0.7960677682493202,0.0
1716,0,0,-,0.9995816774733319,0.0
1202,0,0,-,0.821376281112738,0.0
1203,0,0,-,0.958795231123196,0.0
1204,0,0,-,0.9625601338632085,0.0
1205,0,0,-,0.9759464547165865,0.0
1206,0,0,-,0.9974900648399916,0.0
979,0,0,-,0.986822840409956,0.0
978,0,0,-,0.9949801296799833,0.0
977,0,0,-,0.9958167747333194,0.0
976,0,0,-,0.9985358711566618,0.0
975,0,0,-,0.9987450324199958,0.0
1968,0,0,-,0.9981175486299937,0.0
973,0,0,-,0.9991633549466639,0.0
991,0,0,-,0.9993725162099979,0.0
993,0,0,-,0.9993725162099979,0.0
1008,0,0,-,0.999790838736666,0.0
1007,0,0,-,0.9993725162099979,0.0
1006,0,0,-,0.9993725162099979,0.0
1005,0,0,-,0.9993725162099979,0.0
1004,0,0,-,0.9991633549466639,0.0
1003,0,0,-,0.9991633549466639,0.0
1963,0,0,-,0.9995816774733319,0.0
1001,0,0,-,0.9976992261033256,0.0
1000,0,0,-,0.999790838736666,0.0
999,0,0,-,0.999790838736666,0.0
998,0,0,-,0.999790838736666,0.0
1964,0,0,-,0.9995816774733319,0.0
1965,0,0,-,0.9995816774733319,0.0
1966,0,0,-,0.9981175486299937,0.0
1967,0,0,-,0.9981175486299937,0.0
992,0,0,-,0.9993725162099979,0.0
1317,0,0,-,0.999790838736666,0.0
598,0,0,-,0.999790838736666,0.0
597,0,0,-,0.999790838736666,0.0
202,0,0,-,0.9995816774733319,0.0
201,0,0,-,0.9995816774733319,0.0
200,0,0,-,0.9995816774733319,0.0
199,0,0,-,0.9995816774733319,0.0
198,0,0,-,0.9995816774733319,0.0
197,0,0,-,0.9995816774733319,0.0
203,0,0,-,0.9995816774733319,0.0
196,0,0,-,0.9995816774733319,0.0
194,0,0,-,0.9995816774733319,0.0
193,0,0,-,0.9993725162099979,0.0
192,0,0,-,0.9993725162099979,0.0
191,0,0,-,0.9993725162099979,0.0
190,0,0,-,0.9993725162099979,0.0
189,0,0,-,0.9985358711566618,0.0
195,0,0,-,0.9995816774733319,0.0
204,0,0,-,0.9995816774733319,0.0
205,0,0,-,0.9995816774733319,0.0
206,0,0,-,0.9995816774733319,0.0
221,0,0,-,0.9995816774733319,0.0
220,0,0,-,0.9995816774733319,0.0
219,0,0,-,0.9995816774733319,0.0
218,0,0,-,0.9995816774733319,0.0
217,0,0,-,0.9995816774733319,0.0
216,0,0,-,0.9995816774733319,0.0
215,0,0,-,0.9995816774733319,0.0
214,0,0,-,0.9995816774733319,0.0
213,0,0,-,0.9995816774733319,0.0
212,0,0,-,0.9995816774733319,0.0
211,0,0,-,0.9995816774733319,0.0
210,0,0,-,0.9995816774733319,0.0
209,0,0,-,0.9995816774733319,0.0
208,0,0,-,0.9995816774733319,0.0
207,0,0,-,0.9995816774733319,0.0
188,0,0,-,0.9985358711566618,0.0
187,0,0,-,0.9985358711566618,0.0
186,0,0,-,0.9985358711566618,0.0
185,0,0,-,0.9985358711566618,0.0
165,0,0,-,0.9976992261033256,0.0
164,0,0,-,0.9976992261033256,0.0
163,0,0,-,0.9972809035766576,0.0
162,0,0,-,0.9970717423133236,0.0
161,0,0,-,0.9951892909433173,0.0
160,0,0,-,0.9928885170466429,0.0
159,0,0,-,0.9918427107299728,0.0
158,0,0,-,0.9901694206233006,0.0
157,0,0,-,0.9874503241999582,0.0
156,0,0,-,0.9828487764066095,0.0
155,0,0,-,0.979920518719933,0.0
154,0,0,-,0.9784563898765949,0.0
153,0,0,-,0.9763647772432545,0.0
152,0,0,-,0.9751098096632503,0.0
151,0,0,-,0.9730181970299101,0.0
166,0,0,-,0.9976992261033256,0.0
222,0,0,-,0.9995816774733319,0.0
167,0,0,-,0.9976992261033256,0.0
169,0,0,-,0.9976992261033256,0.0
184,0,0,-,0.9985358711566618,0.0
183,0,0,-,0.9985358711566618,0.0
182,0,0,-,0.9985358711566618,0.0
181,0,0,-,0.9985358711566618,0.0
180,0,0,-,0.9985358711566618,0.0
179,0,0,-,0.9985358711566618,0.0
178,0,0,-,0.9985358711566618,0.0
177,0,0,-,0.9985358711566618,0.0
176,0,0,-,0.9985358711566618,0.0
175,0,0,-,0.9985358711566618,0.0
174,0,0,-,0.9985358711566618,0.0
173,0,0,-,0.9985358711566618,0.0
172,0,0,-,0.9981175486299937,0.0
171,0,0,-,0.9979083873666597,0.0
170,0,0,-,0.9976992261033256,0.0
168,0,0,-,0.9976992261033256,0.0
150,0,0,-,0.9711357456599038,0.0
223,0,0,-,0.9995816774733319,0.0
225,0,0,-,0.9995816774733319,0.0
277,0,0,-,0.9985358711566618,0.0
276,0,0,-,0.9985358711566618,0.0
275,0,0,-,0.9985358711566618,0.0
274,0,0,-,0.9985358711566618,0.0
273,0,0,-,0.9985358711566618,0.0
272,0,0,-,0.9985358711566618,0.0
278,0,0,-,0.9985358711566618,0.0
271,0,0,-,0.9985358711566618,0.0
269,0,0,-,0.9985358711566618,0.0
268,0,0,-,0.9985358711566618,0.0
267,0,0,-,0.9985358711566618,0.0
266,0,0,-,0.9987450324199958,0.0
265,0,0,-,0.9993725162099979,0.0
264,0,0,-,0.9993725162099979,0.0
270,0,0,-,0.9985358711566618,0.0
279,0,0,-,0.9985358711566618,0.0
280,0,0,-,0.9985358711566618,0.0
281,0,0,-,0.9985358711566618,0.0
296,0,0,-,0.9920518719933068,0.0
295,0,0,-,0.9941434846266471,0.0
294,0,0,-,0.9964442585233215,0.0
293,0,0,-,0.9970717423133236,0.0
292,0,0,-,0.9972809035766576,0.0
291,0,0,-,0.9976992261033256,0.0
290,0,0,-,0.9976992261033256,0.0
289,0,0,-,0.9976992261033256,0.0
288,0,0,-,0.9976992261033256,0.0
287,0,0,-,0.9976992261033256,0.0
286,0,0,-,0.9976992261033256,0.0
285,0,0,-,0.9976992261033256,0.0
284,0,0,-,0.9981175486299937,0.0
283,0,0,-,0.9981175486299937,0.0
282,0,0,-,0.9985358711566618,0.0
263,0,0,-,0.9993725162099979,0.0
262,0,0,-,0.9993725162099979,0.0
261,0,0,-,0.9995816774733319,0.0
260,0,0,-,0.9995816774733319,0.0
240,0,0,-,0.9995816774733319,0.0
239,0,0,-,0.9995816774733319,0.0
238,0,0,-,0.9995816774733319,0.0
237,0,0,-,0.9995816774733319,0.0
236,0,0,-,0.9995816774733319,0.0
235,0,0,-,0.9995816774733319,0.0
234,0,0,-,0.9995816774733319,0.0
233,0,0,-,0.9995816774733319,0.0
232,0,0,-,0.9995816774733319,0.0
231,0,0,-,0.9995816774733319,0.0
230,0,0,-,0.9995816774733319,0.0
229,0,0,-,0.9995816774733319,0.0
228,0,0,-,0.9995816774733319,0.0
227,0,0,-,0.9995816774733319,0.0
226,0,0,-,0.9995816774733319,0.0
241,0,0,-,0.9995816774733319,0.0
224,0,0,-,0.9995816774733319,0.0
242,0,0,-,0.9995816774733319,0.0
244,0,0,-,0.9995816774733319,0.0
259,0,0,-,0.9995816774733319,0.0
258,0,0,-,0.9995816774733319,0.0
257,0,0,-,0.9995816774733319,0.0
256,0,0,-,0.9995816774733319,0.0
255,0,0,-,0.9995816774733319,0.0
254,0,0,-,0.9995816774733319,0.0
253,0,0,-,0.9995816774733319,0.0
252,0,0,-,0.9995816774733319,0.0
251,0,0,-,0.9995816774733319,0.0
250,0,0,-,0.9995816774733319,0.0
249,0,0,-,0.9995816774733319,0.0
248,0,0,-,0.9995816774733319,0.0
247,0,0,-,0.9995816774733319,0.0
246,0,0,-,0.9995816774733319,0.0
245,0,0,-,0.9995816774733319,0.0
243,0,0,-,0.9995816774733319,0.0
297,0,0,-,0.9914243882033047,0.0
149,0,0,-,0.9707174231332357,0.0
147,0,0,-,0.9673708429198913,0.0
1453,657,0,-,0.9560761346998536,0.0
1454,658,0,-,0.9560761346998536,0.0
1455,659,0,-,0.9560761346998536,0.0
1456,660,0,-,0.9560761346998536,0.0
1457,661,0,-,0.9560761346998536,0.0
1458,662,0,-,0.9556578121731856,0.0
1452,656,0,-,0.9562852959631876,0.0
1459,663,0,-,0.9556578121731856,0.0
1461,665,0,-,0.9556578121731856,0.0
1462,666,0,-,0.9556578121731856,0.0
42,0,0,-,0.9995816774733319,0.0
41,0,0,-,0.9995816774733319,0.0
40,0,0,-,0.9995816774733319,0.0
1463,667,0,-,0.9556578121731856,0.0
1460,664,0,-,0.9556578121731856,0.0
1451,655,0,-,0.9562852959631876,0.0
55,0,0,-,0.9995816774733319,0.0
56,0,0,-,0.9995816774733319,0.0
71,0,0,-,0.9995816774733319,0.0
70,0,0,-,0.9995816774733319,0.0
69,0,0,-,0.9995816774733319,0.0
1443,647,0,-,0.9608868437565363,0.0
1444,648,0,-,0.9606776824932023,0.0
1445,649,0,-,0.9606776824932023,0.0
1446,650,0,-,0.9596318761765321,0.0
64,0,0,-,0.999790838736666,0.0
63,0,0,-,0.999790838736666,0.0
1447,651,0,-,0.9579585860698598,0.0
61,0,0,-,0.999790838736666,0.0
1448,652,0,-,0.9564944572265216,0.0
1449,653,0,-,0.9564944572265216,0.0
1450,654,0,-,0.9562852959631876,0.0
57,0,0,-,0.9995816774733319,0.0
1464,668,0,-,0.9556578121731856,0.0
1465,669,0,-,0.9556578121731856,0.0
1466,670,0,-,0.9554486509098515,0.0
1467,671,0,-,0.9552394896465175,0.0
15,0,0,-,0.9995816774733319,0.0
1484,688,0,-,0.42501568709475007,0.0
1533,0,0,-,0.9995816774733319,0.0
1523,0,0,-,0.9995816774733319,0.0
1522,0,0,-,0.9995816774733319,0.0
1521,0,0,-,0.9995816774733319,0.0
1520,0,0,-,0.9995816774733319,0.0
1519,0,0,-,0.9995816774733319,0.0
1518,0,0,-,0.9995816774733319,0.0
1515,0,0,-,0.9995816774733319,0.0
1514,0,0,-,0.999790838736666,0.0
1511,0,0,-,0.9947709684166492,0.0
1510,0,0,-,0.9966534197866556,0.0
1509,0,0,-,0.9995816774733319,0.0
1508,0,0,-,0.9995816774733319,0.0
1483,687,0,-,0.43923865300146414,0.0
1442,646,0,-,0.9608868437565363,0.0
1482,686,0,-,0.47709684166492367,0.0
1480,684,0,-,0.9021125287596737,0.0
1468,672,0,-,0.9541936833298473,0.0
1469,673,0,-,0.9535661995398452,0.0
1470,674,0,-,0.9529387157498431,0.0
1471,675,0,-,0.9529387157498431,0.0
30,0,0,-,0.999790838736666,0.0
1472,676,0,-,0.952311231959841,0.0
28,0,0,-,0.999790838736666,0.0
27,0,0,-,0.999790838736666,0.0
1473,677,0,-,0.952102070696507,0.0
1474,678,0,-,0.952102070696507,0.0
1475,679,0,-,0.9508471031165028,0.0
1476,680,0,-,0.9495921355364987,0.0
1477,681,0,-,0.9477096841664924,0.0
1478,682,0,-,0.9433172976364778,0.0
1479,683,0,-,0.9272118803597573,0.0
1481,685,0,-,0.8521229868228404,0.0
148,0,0,-,0.9696716168165656,0.0
1441,645,0,-,0.9615143275465384,0.0
1439,0,0,-,0.9876594854632922,0.0
127,0,0,-,0.952102070696507,0.0
126,0,0,-,0.9510562643798368,0.0
125,0,0,-,0.9495921355364987,0.0
124,0,0,-,0.9424806525831416,0.0
123,0,0,-,0.9410165237398034,0.0
122,0,0,-,0.9399707174231332,0.0
128,0,0,-,0.952102070696507,0.0
121,0,0,-,0.9399707174231332,0.0
119,0,0,-,0.9326500732064422,0.0
118,0,0,-,0.9226103325664087,0.0
117,117,0,-,0.9134072369797114,0.0
116,116,0,-,0.911106463083037,0.0
115,115,0,-,0.9098514955030328,0.0
114,114,0,-,0.9071323990796905,0.0
120,0,0,-,0.9376699435264589,0.0
129,0,0,-,0.952520393223175,0.0
130,0,0,-,0.952520393223175,0.0
131,0,0,-,0.952520393223175,0.0
146,0,0,-,0.9667433591298892,0.0
145,0,0,-,0.965906714076553,0.0
144,0,0,-,0.9633967789165446,0.0
143,0,0,-,0.9600501987032002,0.0
142,0,0,-,0.959213553649864,0.0
141,0,0,-,0.95900439238653,0.0
140,0,0,-,0.9585860698598619,0.0
139,0,0,-,0.9577494248065258,0.0
138,0,0,-,0.9560761346998536,0.0
137,0,0,-,0.9550303283831835,0.0
136,0,0,-,0.9537753608031793,0.0
135,0,0,-,0.9531478770131772,0.0
134,0,0,-,0.9529387157498431,0.0
133,0,0,-,0.9527295544865091,0.0
132,0,0,-,0.9527295544865091,0.0
113,113,0,-,0.8996025935996653,0.0
112,112,0,-,0.8054800250993516,0.0
111,111,0,-,0.6285295963187618,0.0
110,110,0,-,0.5841874084919473,0.0
1424,639,0,-,0.9606776824932023,0.0
1425,640,0,-,0.9606776824932023,0.0
1426,641,0,-,0.9608868437565363,0.0
1427,642,0,-,0.9610960050198704,0.0
1428,643,0,-,0.9621418113365404,0.0
1429,0,0,-,0.986822840409956,0.0
1430,0,0,-,0.9884961305166283,0.0
1431,0,0,-,0.9958167747333194,0.0
1432,0,0,-,0.9968625810499896,0.0
1433,0,0,-,0.999790838736666,0.0
1434,0,0,-,0.999790838736666,0.0
1435,0,0,-,0.999790838736666,0.0
1436,0,0,-,0.9993725162099979,0.0
1437,0,0,-,0.9968625810499896,0.0
1438,0,0,-,0.9887052917799624,0.0
1423,638,0,-,0.9606776824932023,0.0
1440,644,0,-,0.9623509725998745,0.0
1422,637,0,-,0.9581677473331939,0.0
94,94,0,s,0.23677055009412257,0.0
109,109,0,-,0.5774942480652583,0.0
108,108,0,-,0.5756117966952521,0.0
107,107,0,-,0.5672453461618908,0.0
106,106,0,-,0.5643170884752144,0.0
105,105,0,-,0.5576239280485255,0.0
104,104,0,-,0.5509307676218365,0.0
103,103,0,-,0.5444467684584815,0.0
102,102,0,-,0.5390085756117967,0.0
101,101,0,-,0.5308512863417695,0.0
100,100,0,-,0.5254130934950847,0.0
99,99,0,-,0.5151641915917172,0.0
98,98,0,-,0.5076343861116921,0.0
97,97,0,-,0.4898556787282995,0.0
96,96,0,-,0.3965697552813219,0.0
95,95,0,-,0.30370215436101233,0.0
93,93,0,-,0.205396360594018,0.0
1725,836,0,-,0.9477096841664924,0.0
298,0,0,-,0.9889144530432964,0.0
300,0,0,-,0.9809663250366032,0.0
1360,0,0,-,0.999790838736666,0.0
501,0,0,-,0.9995816774733319,0.0
500,0,0,-,0.9995816774733319,0.0
499,0,0,-,0.9995816774733319,0.0
1361,0,0,-,0.9976992261033256,0.0
497,0,0,-,0.9995816774733319,0.0
1615,0,0,-,0.999790838736666,0.0
1613,0,0,-,0.9991633549466639,0.0
494,0,0,-,0.999790838736666,0.0
493,0,0,-,0.999790838736666,0.0
1363,0,0,-,0.9987450324199958,0.0
491,0,0,-,0.9995816774733319,0.0
490,0,0,-,0.9995816774733319,0.0
1612,0,0,-,0.999790838736666,0.0
495,0,0,-,0.999790838736666,0.0
504,0,0,-,0.9876594854632922,0.0
505,0,0,-,0.9993725162099979,0.0
506,0,0,-,0.9983267098933277,0.0
521,0,0,-,0.9995816774733319,0.0
1354,0,0,-,0.9947709684166492,0.0
519,0,0,-,0.9981175486299937,0.0
518,0,0,-,0.9981175486299937,0.0
1618,0,0,-,0.999790838736666,0.0
516,0,0,-,0.9987450324199958,0.0
515,0,0,-,0.9987450324199958,0.0
1356,0,0,-,0.9956076134699854,0.0
513,0,0,-,0.9960259359966535,0.0
512,0,0,-,0.9995816774733319,0.0
511,0,0,-,0.999790838736666,0.0
510,0,0,-,0.9995816774733319,0.0
509,0,0,-,0.9970717423133236,0.0
1617,0,0,-,0.999790838736666,0.0
1358,0,0,-,0.9937251620999791,0.0
1611,0,0,-,0.999790838736666,0.0
487,0,0,-,0.999790838736666,0.0
486,0,0,-,0.999790838736666,0.0
1366,0,0,-,0.9989541936833298,0.0
1557,0,0,-,0.999790838736666,0.0
1378,0,0,-,0.999790838736666,0.0
1379,0,0,-,0.9995816774733319,0.0
1556,0,0,-,0.999790838736666,0.0
1555,0,0,-,0.999790838736666,0.0
460,0,0,-,0.9968625810499896,0.0
459,0,0,-,0.9970717423133236,0.0
458,0,0,-,0.9991633549466639,0.0
457,0,0,-,0.999790838736666,0.0
456,0,0,-,0.9995816774733319,0.0
455,0,0,-,0.9989541936833298,0.0
454,0,0,-,0.9970717423133236,0.0
1382,0,0,-,0.999790838736666,0.0
1383,598,0,-,0.38381091821794605,0.0
1554,0,0,-,0.999790838736666,0.0
1376,0,0,-,0.9995816774733319,0.0
522,0,0,-,0.9995816774733319,0.0
1375,0,0,-,0.999790838736666,0.0
1373,0,0,-,0.9912152269399708,0.0
1367,0,0,-,0.9983267098933277,0.0
483,0,0,-,0.9974900648399916,0.0
482,0,0,-,0.9974900648399916,0.0
481,0,0,-,0.9989541936833298,0.0
480,0,0,-,0.9974900648399916,0.0
1610,0,0,-,0.999790838736666,0.0
478,0,0,-,0.999790838736666,0.0
1369,0,0,-,0.999790838736666,0.0
476,0,0,-,0.9995816774733319,0.0
1370,0,0,-,0.9995816774733319,0.0
474,0,0,-,0.999790838736666,0.0
473,0,0,-,0.999790838736666,0.0
472,0,0,-,0.999790838736666,0.0
1584,0,0,-,0.9759464547165865,0.0
1372,0,0,-,0.9914243882033047,0.0
1581,0,0,-,0.999790838736666,0.0
1385,600,0,-,0.4306630412047689,0.0
1353,0,0,-,0.999790838736666,0.0
1619,0,0,-,0.9970717423133236,0.0
577,0,0,-,0.9991633549466639,0.0
576,0,0,-,0.999790838736666,0.0
575,0,0,-,0.9991633549466639,0.0
1325,0,0,-,0.999790838736666,0.0
573,0,0,-,0.9991633549466639,0.0
1326,0,0,-,0.999790838736666,0.0
1324,0,0,-,0.999790838736666,0.0
1327,0,0,-,0.999790838736666,0.0
1329,0,0,-,0.9995816774733319,0.0
568,0,0,-,0.999790838736666,0.0
1330,0,0,-,0.9985358711566618,0.0
1629,0,0,-,0.9964442585233215,0.0
1332,0,0,-,0.9993725162099979,0.0
1333,0,0,-,0.9991633549466639,0.0
1630,0,0,-,0.9964442585233215,0.0
579,0,0,-,0.9993725162099979,0.0
1323,0,0,-,0.999790838736666,0.0
581,0,0,-,0.999790838736666,0.0
596,0,0,-,0.999790838736666,0.0
1634,0,0,-,0.9993725162099979,0.0
1319,0,0,-,0.9993725162099979,0.0
593,0,0,-,0.999790838736666,0.0
592,0,0,-,0.999790838736666,0.0
1320,0,0,-,0.9995816774733319,0.0
590,0,0,-,0.9995816774733319,0.0
1321,0,0,-,0.9991633549466639,0.0
588,0,0,-,0.9995816774733319,0.0
587,0,0,-,0.999790838736666,0.0
586,0,0,-,0.999790838736666,0.0
1632,0,0,-,0.999790838736666,0.0
584,0,0,-,0.9993725162099979,0.0
583,0,0,-,0.999790838736666,0.0
582,0,0,-,0.999790838736666,0.0
1628,0,0,-,0.9964442585233215,0.0
1335,0,0,-,0.9983267098933277,0.0
561,0,0,-,0.972599874503242,0.0
560,0,0,-,0.9918427107299728,0.0
540,0,0,-,0.815101443212717,0.0
539,0,0,-,0.9976992261033256,0.0
1625,0,0,-,0.9083873666596947,0.0
1340,0,0,-,0.999790838736666,0.0
1341,0,0,-,0.9891236143066304,0.0
1624,0,0,-,0.9968625810499896,0.0
1343,0,0,-,0.999790838736666,0.0
1344,0,0,-,0.9949801296799833,0.0
1623,0,0,-,0.999790838736666,0.0
1346,0,0,-,0.9995816774733319,0.0
530,0,0,-,0.9995816774733319,0.0
1347,0,0,-,0.9991633549466639,0.0
1622,0,0,-,0.9968625810499896,0.0
1349,0,0,-,0.9987450324199958,0.0
1350,0,0,-,0.9899602593599666,0.0
1338,0,0,-,0.9989541936833298,0.0
1352,0,0,-,0.9995816774733319,0.0
1337,0,0,-,0.999790838736666,0.0
544,0,0,-,0.9772014222965907,0.0
559,0,0,-,0.9995816774733319,0.0
558,0,0,-,0.9995816774733319,0.0
557,0,0,-,0.9995816774733319,0.0
556,0,0,-,0.9995816774733319,0.0
555,0,0,-,0.9995816774733319,0.0
554,0,0,-,0.999790838736666,0.0
553,0,0,-,0.999790838736666,0.0
552,0,0,-,0.999790838736666,0.0
551,0,0,-,0.999790838736666,0.0
550,0,0,-,0.999790838736666,0.0
549,0,0,-,0.9995816774733319,0.0
548,0,0,-,0.9995816774733319,0.0
547,0,0,-,0.9995816774733319,0.0
546,0,0,-,0.9995816774733319,0.0
545,0,0,-,0.9993725162099979,0.0
1626,797,0,L,0.5312696088684375,0.0
299,0,0,-,0.9870320016732901,0.0
449,0,0,-,0.999790838736666,0.0
1387,602,0,-,0.7966952520393223,0.0
352,131,0,-,0.54800250993516,0.0
351,130,0,-,0.554695670361849,0.0
350,129,0,-,0.5586697343651955,0.0
349,128,0,-,0.5649445722652164,0.0
348,127,0,-,0.568291152478561,0.0
347,126,0,-,0.5770759255385902,0.0
353,132,0,-,0.541518510771805,0.0
346,125,0,-,0.5783308931185944,0.0
344,123,0,-,0.6530014641288433,0.0
343,122,0,-,0.8161472495293871,0.0
342,121,0,-,0.9058774314996862,0.0
341,120,0,-,0.9081782053963606,0.0
340,119,0,-,0.9104789792930349,0.0
339,118,0,-,0.9129889144530433,0.0
345,124,0,-,0.5931813428153107,0.0
354,133,0,-,0.5377536080317925,0.0
355,134,0,-,0.527504706128425,0.0
356,135,0,-,0.5172558042250576,0.0
1413,628,0,-,0.9560761346998536,0.0
1414,629,0,-,0.9560761346998536,0.0
1415,630,0,-,0.9560761346998536,0.0
1416,631,0,-,0.9562852959631876,0.0
1417,632,0,-,0.9562852959631876,0.0
1418,633,0,-,0.9562852959631876,0.0
1419,634,0,-,0.9562852959631876,0.0
1420,635,0,-,0.9564944572265216,0.0
1421,636,0,-,0.9571219410165237,0.0
362,141,0,-,0.21146203723070486,0.0
361,140,0,-,0.27274628738757584,0.0
360,139,0,-,0.34888098724116295,0.0
359,138,0,-,0.44530432963815103,0.0
358,137,0,-,0.5028236770550094,0.0
357,136,0,-,0.5105626437983686,0.0
338,0,0,-,0.9188454298263962,0.0
337,0,0,-,0.9288851704664296,0.0
336,0,0,-,0.9339050407864463,0.0
335,0,0,-,0.9376699435264589,0.0
315,0,0,-,0.958795231123196,0.0
314,0,0,-,0.959213553649864,0.0
313,0,0,-,0.959213553649864,0.0
312,0,0,-,0.9629784563898766,0.0
311,0,0,-,0.9644425852332148,0.0
310,0,0,-,0.9661158753398871,0.0
309,0,0,-,0.9673708429198913,0.0
308,0,0,-,0.9690441330265634,0.0
307,0,0,-,0.9700899393432336,0.0
306,0,0,-,0.9709265843965698,0.0
305,0,0,-,0.972181551976574,0.0
304,0,0,-,0.9734365195565782,0.0
303,0,0,-,0.9751098096632503,0.0
302,0,0,-,0.9767830997699226,0.0
301,0,0,-,0.9786655511399289,0.0
316,0,0,-,0.9581677473331939,0.0
372,0,0,-,0.7640660949592135,0.0
317,0,0,-,0.9577494248065258,0.0
319,0,0,-,0.9539845220665133,0.0
334,0,0,-,0.9399707174231332,0.0
333,0,0,-,0.9401798786864672,0.0
332,0,0,-,0.9418531687931395,0.0
331,0,0,-,0.9468730391131562,0.0
330,0,0,-,0.9508471031165028,0.0
329,0,0,-,0.9516837481698389,0.0
328,0,0,-,0.952102070696507,0.0
327,0,0,-,0.952520393223175,0.0
326,0,0,-,0.952520393223175,0.0
325,0,0,-,0.952520393223175,0.0
324,0,0,-,0.9527295544865091,0.0
323,0,0,-,0.9527295544865091,0.0
322,0,0,-,0.9529387157498431,0.0
321,0,0,-,0.9529387157498431,0.0
320,0,0,-,0.9533570382765112,0.0
318,0,0,-,0.9550303283831835,0.0
1386,601,0,-,0.45513490901485043,0.0
373,0,0,-,0.7506797741058356,0.0
1411,626,0,-,0.9556578121731856,0.0
427,0,0,-,0.9924701945199749,0.0
426,0,0,-,0.9905877431499687,0.0
425,0,0,-,0.9713449069232378,0.0
424,0,0,-,0.9671616816565572,0.0
423,0,0,-,0.9646517464965488,0.0
422,0,0,-,0.9600501987032002,0.0
428,0,0,-,0.999790838736666,0.0
421,0,0,-,0.9506379418531687,0.0
419,0,0,-,0.9305584605731019,0.0
418,0,0,-,0.9119431081363731,0.0
417,0,0,-,0.7931395105626438,0.0
416,0,0,-,0.7709684166492365,0.0
1388,603,0,-,0.8883078853796277,0.0
1389,604,0,-,0.924283622673081,0.0
420,0,0,-,0.9420623300564736,0.0
429,0,0,-,0.999790838736666,0.0
430,0,0,-,0.999790838736666,0.0
431,0,0,-,0.999790838736666,0.0
446,0,0,-,0.7688768040158963,0.0
445,0,0,-,0.7770340932859234,0.0
444,0,0,-,0.9052499477096841,0.0
443,0,0,-,0.9196820748797323,0.0
442,0,0,-,0.9330683957331102,0.0
441,0,0,-,0.9447814264798159,0.0
440,0,0,-,0.9579585860698598,0.0
439,0,0,-,0.9621418113365404,0.0
438,0,0,-,0.9663250366032211,0.0
437,0,0,-,0.9686258104998954,0.0
436,0,0,-,0.979293034929931,0.0
435,0,0,-,0.9916335494666387,0.0
434,0,0,-,0.999790838736666,0.0
433,0,0,-,0.999790838736666,0.0
432,0,0,-,0.999790838736666,0.0
413,0,0,-,0.999790838736666,0.0
1390,605,0,-,0.9359966534197867,0.0
411,0,0,-,0.999790838736666,0.0
1391,606,0,-,0.9437356201631458,0.0
1400,615,0,-,0.9539845220665133,0.0
1401,616,0,-,0.9548211671198494,0.0
1402,617,0,-,0.9552394896465175,0.0
1403,618,0,-,0.9556578121731856,0.0
1404,619,0,-,0.9556578121731856,0.0
1405,620,0,-,0.9556578121731856,0.0
1406,621,0,-,0.9556578121731856,0.0
1407,622,0,-,0.9556578121731856,0.0
1408,623,0,-,0.9556578121731856,0.0
381,0,0,-,0.9962350972599875,0.0
380,0,0,-,0.9993725162099979,0.0
379,0,0,-,0.9979083873666597,0.0
378,0,0,-,0.9901694206233006,0.0
1409,624,0,-,0.9556578121731856,0.0
1410,625,0,-,0.9556578121731856,0.0
1399,614,0,-,0.9535661995398452,0.0
1412,627,0,-,0.9560761346998536,0.0
1398,613,0,-,0.9529387157498431,0.0
1396,611,0,-,0.952102070696507,0.0
409,0,0,-,0.9995816774733319,0.0
408,0,0,-,0.999790838736666,0.0
407,0,0,-,0.999790838736666,0.0
406,0,0,-,0.999790838736666,0.0
1392,607,0,-,0.9491738130098306,0.0
404,0,0,-,0.9991633549466639,0.0
403,0,0,-,0.9993725162099979,0.0
1393,608,0,-,0.9502196193265008,0.0
401,0,0,-,0.9962350972599875,0.0
400,0,0,-,0.999790838736666,0.0
1394,609,0,-,0.9512654256431708,0.0
398,0,0,-,0.9976992261033256,0.0
397,0,0,-,0.9993725162099979,0.0
1395,610,0,-,0.952102070696507,0.0
395,0,0,-,0.999790838736666,0.0
1397,612,0,-,0.9527295544865091,0.0
1724,0,0,-,0.9663250366032211,0.0
0,16,21,-,0.44091194310813636,0.0
1,17,22,E,0.27567454507425226,0.0
2,18,23,S,0.20309558669734365,0.0
3,19,24,A,0.7565362894791885,0.0
4,20,25,S,0.24283622673080946,0.0
5,21,26,R,0.4256431708847521,0.0
6,22,27,V,0.39594227149131983,0.0
7,23,28,I,0.6973436519556578,0.0
8,24,29,A,0.43651955657812175,0.0
9,25,30,P,0.7011085546956703,0.0
10,26,31,L,0.4501150386948337,0.0
11,27,32,W,0.5856515373352855,0.0
12,28,33,P,0.8855887889562853,0.0
13,29,34,L,0.43798368542145993,0.0
14,30,35,S,0.3162518301610542,0.0
16,31,36,T,0.2597782890608659,0.0
17,32,37,F,0.6239280485254131,0.0
18,33,38,A,0.3346580213344489,0.0
19,34,39,A,0.7234888098724116,0.0
20,35,40,V,0.33591298891445304,0.0
21,36,41,N,0.6578121731855261,0.0
22,37,42,P,0.8159380882660531,0.0
23,38,43,W,0.39217736875130726,0.0
24,39,44,M,0.18887262079062958,0.0
25,40,45,G,0.643798368542146,0.0
26,41,46,L,0.45367078017151224,0.0
29,42,47,E,0.5126542564317088,0.0
31,43,48,D,0.22150177787073833,0.0
32,44,49,Q,0.2725371261242418,0.0
33,45,50,P,0.38255595063794184,0.0
34,46,51,F,0.6967161681656557,0.0
35,47,52,E,0.37105208115457017,0.0
36,48,53,Q,0.33612215017778707,0.0
37,49,54,V,0.4446768458481489,0.0
38,50,55,A,0.5538590253085128,0.0
39,51,56,A,0.2936624137209789,0.0
43,52,57,W,0.3162518301610542,0.0
44,53,58,L,0.5427734783518092,0.0
45,54,59,K,0.2819493829742732,0.0
46,55,60,E,0.18134281531060448,0.0
47,56,61,L,0.2622882242208743,0.0
48,57,62,R,0.3097678309976992,0.0
49,58,63,G,0.4116293662413721,0.0
50,59,64,V,0.3547375026145158,0.0
51,60,65,D,0.3668688558878896,0.0
52,61,66,I,0.28947918845429826,0.0
53,62,67,Y,0.4013804643380046,0.0
54,63,68,P,0.47709684166492367,0.0
58,64,69,S,0.2840409956076135,0.0
59,65,70,R,0.21334448860071115,0.0
60,66,71,S,0.29763647772432544,0.0
62,67,72,M,0.17360384856724534,0.0
65,68,73,Y,0.32210834553440704,0.0
66,69,74,R,0.2813218991842711,0.0
67,70,75,S,0.30098305793766994,0.0
68,71,76,A,0.5093076762183644,0.0
72,72,77,K,0.18113365404727044,0.0
73,73,78,A,0.3198075716377327,0.0
74,74,79,K,0.20581468312068604,0.0
75,75,80,G,0.7759882869692533,0.0
76,76,81,E,0.43463710520811544,0.0
77,77,82,I,0.7226521648190755,0.0
78,78,83,D,0.2829951892909433,0.0
79,79,84,E,0.35390085756117967,0.0
80,80,85,S,0.2530851286341769,0.0
81,81,86,D,0.30997699226103326,0.0
82,82,87,L,0.6243463710520811,0.0
83,83,88,Q,0.21731855260405772,0.0
84,84,89,Q,0.19577494248065258,0.0
85,85,90,A,0.3651955657812173,0.0
86,86,91,l,0.4883915498849613,0.0
87,87,92,-,0.17381300983057937,0.0
88,88,93,r,0.21627274628738757,0.0
89,89,94,w,0.23049571219410164,0.0
90,90,95,l,0.35724743777452417,0.0
91,91,96,d,0.21041623091403472,0.0
92,92,97,s,0.20351390922401172,0.0
363,142,98,-,0.19661158753398872,0.0
364,143,99,-,0.1876176532106254,0.0
365,144,100,-,0.1834344279439448,0.0
366,145,101,-,0.17987868646726626,0.0
367,146,102,-,0.17653210625392177,0.0
368,147,103,-,0.1740221710939134,0.0
369,148,104,-,0.17297636477724326,0.0
370,149,105,-,0.17151223593390505,0.0
371,150,106,S,0.15331520602384438,0.0
374,151,107,-,0.1390922401171303,0.0
375,152,108,-,0.3802551767412675,0.0
376,153,109,-,0.6722443003555741,0.0
377,0,110,-,0.9211462037230704,0.0
382,0,111,-,0.9705082618699017,0.0
383,154,112,-,0.863208533779544,0.0
384,155,113,-,0.5578330893118595,0.0
385,156,114,-,0.369797113574566,0.0
386,157,115,S,0.15457017360384856,0.0
387,158,116,D,0.1259150805270864,0.0
388,159,117,V,0.15582514118385274,0.0
389,160,118,P,0.22129261660740432,0.0
390,161,119,P,0.29617234888098726,0.0
391,162,120,L,0.28529596318761763,0.0
392,163,121,S,0.36937879104789795,0.0
393,164,122,D,0.2938715749843129,0.0
394,165,123,L,0.3668688558878896,0.0
396,166,124,I,0.27902112528759676,0.0
399,167,125,D,0.2185735201840619,0.0
402,168,126,N,0.1930558460573102,0.0
405,169,127,Q,0.17904204141393015,0.0
410,170,128,-,0.12131353273373771,0.0
412,171,129,G,0.43463710520811544,0.0
414,172,130,E,0.2800669316042669,0.0
415,173,131,D,0.23823467893746078,0.0
447,174,132,L,0.3706337586279021,0.0
448,175,133,S,0.24618280694415395,0.0
450,176,134,D,0.3135327337377118,0.0
451,177,135,I,0.19619326500732065,0.0
452,178,136,V,0.33549466638778497,0.0
453,179,137,N,0.3225266680610751,0.0
461,180,138,Y,0.1581259150805271,0.0
462,181,139,Q,0.3206442166910688,0.0
463,182,140,I,0.35431918008784774,0.0
464,183,141,I,0.44425852332148086,0.0
465,184,142,K,0.49194729136163984,0.0
466,185,143,W,0.5841874084919473,0.0
467,186,144,C,0.4806525831416022,0.0
468,187,145,A,0.3679146622045597,0.0
469,188,146,L,0.3813009830579377,0.0
470,189,147,Y,0.5649445722652164,0.0
471,190,148,L,0.3940598201213135,0.0
475,191,149,D,0.8362267308094541,0.0
477,192,150,Q,0.24890190336749635,0.0
479,193,151,G,0.37167956494457227,0.0
484,194,152,Q,0.49027400125496756,0.0
485,195,153,A,0.46266471449487556,0.0
488,196,154,S,0.28383183434427944,0.0
489,197,155,W,0.8211671198494039,0.0
492,198,156,T,0.32838318343442796,0.0
496,199,157,M,0.486090775988287,0.0
498,200,158,P,0.7046642961723489,0.0
502,201,159,N,0.22986822840409957,0.0
503,202,160,R,0.5954821167119849,0.0
507,0,161,-,0.9669525203932232,0.0
508,203,162,E,0.4432127170048107,0.0
514,204,163,K,0.24785609705082617,0.0
517,205,164,G,0.6534197866555114,0.0
520,206,165,F,0.4683120686048944,0.0
523,207,166,Y,0.6831206860489437,0.0
524,208,167,A,0.22652164819075507,0.0
525,209,168,A,0.60301192219201,0.0
526,210,169,W,0.8000418322526668,0.0
527,211,170,R,0.40263543191800877,0.0
528,212,171,H,0.2708638360175695,0.0
529,213,172,L,0.4827441957749425,0.0
531,214,173,A,0.41413930140138044,0.0
532,215,174,Q,0.20581468312068604,0.0
533,216,175,H,0.3595482116711985,0.0
534,217,176,D,0.7987868646726626,0.0
535,218,177,P,0.28717841455762394,0.0
536,219,178,A,0.2493202258941644,0.0
537,220,179,L,0.3624764693578749,0.0
538,221,180,S,0.23865300146412885,0.0
541,0,181,-,0.6122150177787073,0.0
542,0,182,-,0.5921355364986405,0.0
543,222,183,-,0.5588788956285295,0.0
562,223,184,-,0.5561597992051872,0.0
563,224,185,K,0.39970717423133234,0.0
564,225,186,G,0.16063585024053545,0.0
565,226,187,Q,0.1903367496339678,0.0
566,227,188,R,0.4923656138883079,0.0
567,228,189,Q,0.2158544237607195,0.0
569,229,190,V,0.22631248692742104,0.0
570,230,191,L,0.32650073206442165,0.0
571,231,192,K,0.35327337377117757,0.0
572,232,193,D,0.23509725998745032,0.0
574,233,194,L,0.5126542564317088,0.0
578,234,195,P,0.7791257059192638,0.0
580,235,196,E,0.19682074879732273,0.0
585,236,197,D,0.39552394896465176,0.0
589,237,198,A,0.41978665551139926,0.0
591,238,199,E,0.35703827651119013,0.0
594,239,200,E,0.16732901066722444,0.0
595,240,201,A,0.5933905040786447,0.0
599,241,202,I,0.43651955657812175,0.0
603,242,203,E,0.2294499058774315,0.0
604,243,204,R,0.1629366241372098,0.0
605,244,205,A,0.4335912988914453,0.0
609,245,206,L,0.6607404308722025,0.0
613,246,207,S,0.1397197239071324,0.0
614,247,208,E,0.1911733946873039,0.0
615,248,209,L,0.6691068814055637,0.0
620,249,210,G,0.43317297636477725,0.0
625,250,211,I,0.4854632921982849,0.0
629,251,212,P,0.23593390504078646,0.0
633,252,213,E,0.37774524158125916,0.0
640,253,214,E,0.22714913198075717,0.0
641,254,215,D,0.15457017360384856,0.0
645,255,216,W,0.17904204141393015,0.0
650,256,217,Q,0.3480443421878268,0.0
653,257,218,A,0.30035557414766784,0.0
654,258,219,Y,0.7153315206023845,0.0
655,259,220,L,0.5076343861116921,0.0
656,260,221,E,0.43317297636477725,0.0
657,261,222,G,0.27149131980757163,0.0
658,262,223,H,0.417695042878059,0.0
659,263,224,L,0.7868646726626228,0.0
660,264,225,L,0.5467475423551559,0.0
661,265,226,S,0.2748379000209161,0.0
662,266,227,L,0.6691068814055637,0.0
663,267,228,P,0.5477933486718259,0.0
664,268,229,G,0.9205187199330684,0.0
665,269,230,W,0.9117339468730391,0.0
666,270,231,A,0.7144948755490483,0.0
667,271,232,G,0.5850240535452834,0.0
668,272,233,M,0.4051453670780171,0.0
669,273,234,I,0.26479815938088264,0.0
670,274,235,R,0.3212717004810709,0.0
671,275,236,W,0.3867391759046225,0.0
672,276,237,R,0.5245764484417486,0.0
673,277,238,S,0.3513909224011713,0.0
675,278,239,W,0.2919891236143066,0.0
676,279,240,Q,0.548420832461828,0.0
690,282,241,-,0.49152896883497177,0.0
691,283,242,-,0.49487554904831627,0.0
693,284,243,-,0.48525413093495084,0.0
708,285,244,S,0.22171093913407236,0.0
710,286,245,G,0.2735829324409119,0.0
711,287,246,Q,0.15979920518719934,0.0
713,288,247,E,0.33110227985777035,0.0
720,289,248,Q,0.2520393223175068,0.0
721,290,249,E,0.15875339887052917,0.0
722,291,250,L,0.3591298891445304,0.0
727,292,251,L,0.677891654465593,0.0
728,293,252,T,0.26061493411420206,0.0
730,294,253,D,0.42585233214808615,0.0
731,295,254,Y,0.48734574356829113,0.0
732,296,255,L,0.8048525413093495,0.0
733,297,256,A,0.8385275047061285,0.0
734,298,257,I,0.4894373562016315,0.0
735,299,258,R,0.815101443212717,0.0
736,300,259,L,0.6331311441121105,0.0
737,301,260,S,0.23928048525413093,0.0
738,302,261,W,0.2823677055009412,0.0
739,303,262,E,0.6559297218155198,0.0
740,304,263,L,0.19828487764066094,0.0
741,305,264,A,0.38924911106463084,0.0
745,306,265,L,0.561597992051872,0.0
749,307,266,L,0.2267308094540891,0.0
750,308,267,K,0.17904204141393015,0.0
754,309,268,P,0.2369797113574566,0.0
759,310,269,Y,0.2472286132608241,0.0
760,311,270,L,0.24283622673080946,0.0
764,312,271,P,0.2675172558042251,0.0
767,313,272,L,0.16586488182388623,0.0
769,314,273,K,0.15080527086383602,0.0
770,315,274,N,0.15645262497385484,0.0
782,319,275,Q,0.2200376490274001,0.0
783,320,276,-,0.3340305375444468,0.0
786,323,277,-,0.33716795649445724,0.0
787,324,278,-,0.41811336540472704,0.0
788,325,279,-,0.4084919472913616,0.0
789,326,280,A,0.16523739803388413,0.0
790,327,281,-,0.36143066304120475,0.0
791,328,282,-,0.36749633967789164,0.0
792,329,283,-,0.3911315624346371,0.0
793,330,284,-,0.41978665551139926,0.0
794,331,285,-,0.4693578749215645,0.0
795,332,286,-,0.5078435473750261,0.0
796,333,287,-,0.5097259987450324,0.0
797,334,288,-,0.5105626437983686,0.0
798,335,289,-,0.5124450951683748,0.0
900,404,290,-,0.5116084501150387,0.0
901,405,291,-,0.5097259987450324,0.0
902,406,292,-,0.5088893536916963,0.0
903,407,293,-,0.5036603221083455,0.0
904,408,294,-,0.4480234260614934,0.0
905,409,295,-,0.4074461409746915,0.0
906,410,296,-,0.37816356410792723,0.0
907,411,297,-,0.36540472704455135,0.0
908,412,298,-,0.3545283413511818,0.0
909,413,299,A,0.1861535243672872,0.0
910,414,300,F,0.3179251202677264,0.0
912,415,301,A,0.39364149759464545,0.0
915,416,302,A,0.1911733946873039,0.0
917,417,303,R,0.2081154570173604,0.0
920,418,304,F,0.3074670571010249,0.0
923,419,305,D,0.24973854842083246,0.0
926,420,306,E,0.24137209788747124,0.0
929,421,307,N,0.22986822840409957,0.0
931,422,308,V,0.17423133235724744,0.0
933,423,309,R,0.2917799623509726,0.0
936,424,310,R,0.18887262079062958,0.0
939,425,311,K,0.2424179042041414,0.0
940,426,312,L,0.44216691068814057,0.0
941,427,313,W,0.6739175904622464,0.0
980,428,314,L,0.513909224011713,0.0
981,429,315,E,0.36394059820121316,0.0
982,430,316,A,0.8498222129261661,0.0
983,431,317,W,0.4149759464547166,0.0
984,432,318,E,0.8887262079062958,0.0
985,433,319,Q,0.18197029910060658,0.0
986,434,320,T,0.3967789165446559,0.0
987,435,321,Y,0.4800250993516001,0.0
988,436,322,Q,0.30767621836435893,0.0
989,437,323,R,0.294499058774315,0.0
990,438,324,Q,0.3890399498012968,0.0
994,439,325,L,0.7584187408491947,0.0
995,440,326,L,0.16879313951056266,0.0
996,441,327,E,0.19974900648399915,0.0
997,442,328,K,0.31144112110437144,0.0
1002,443,329,L,0.4287805898347626,0.0
1015,444,330,A,0.2679355783308931,0.0
1016,445,331,S,0.2568500313741895,0.0
1020,446,332,K,0.18385275047061284,0.0
1021,447,333,Q,0.2430453879941435,0.0
1022,448,334,R,0.18197029910060658,0.0
1023,449,335,A,0.23446977619744824,0.0
1025,450,336,T,0.18238862162727462,0.0
1026,451,337,A,0.18406191173394687,0.0
1027,452,338,D,0.19849403890399497,0.0
1028,0,339,-,0.25036603221083453,0.0
1029,0,340,-,0.7358293244091194,0.0
1070,0,341,-,0.6682702363522276,0.0
1071,453,342,K,0.22108345534407028,0.0
1072,454,343,R,0.38987659485463294,0.0
1073,455,344,P,0.40974691487136583,0.0
1082,456,345,L,0.20435055427734783,0.0
1083,457,346,A,0.4938297427316461,0.0
1084,458,347,Q,0.8899811754863,0.0
1086,459,348,A,0.3323572474377745,0.0
1087,460,349,A,0.548420832461828,0.0
1088,461,350,F,0.8711566617862372,0.0
1089,462,351,C,0.9192637523530642,0.9192637523530642
1090,463,352,I,0.8707383392595691,0.0
1091,464,353,D,0.9186362685630621,0.9186362685630621
1092,465,354,V,0.7375026145157917,0.0
1093,466,355,R,0.9190545910897302,0.0
1094,467,356,S,0.8295335703827651,0.0
1095,468,357,E,0.883497176322945,0.0
1096,469,358,P,0.479606776824932,0.0
1097,470,359,F,0.5584605731018616,0.0
1098,471,360,R,0.9182179460363941,0.0
1099,472,361,R,0.904622463919682,0.0
1100,473,362,H,0.5107718050617026,0.0
1101,474,363,L,0.6737084291989124,0.0
1102,475,364,E,0.9161263334030537,0.0
1103,476,365,A,0.29972809035766573,0.0
1104,477,366,L,0.2369797113574566,0.0
1105,478,367,G,0.5107718050617026,0.0
1109,479,368,P,0.64400752980548,0.0
1110,0,369,-,0.5975737293453253,0.0
1119,480,370,F,0.36268563062120895,0.0
1120,481,371,E,0.5919263752353064,0.0
1121,482,372,T,0.9154988496130516,0.0
1122,483,373,I,0.26500732064421667,0.0
1123,484,374,G,0.9075507216063585,0.0
1124,485,375,F,0.35431918008784774,0.0
1125,486,376,A,0.8866345952729554,0.0
1126,487,377,G,0.9056682702363522,0.0
1127,488,378,F,0.9054591089730182,0.0
1128,489,379,F,0.9094331729763647,0.0
1129,490,380,G,0.8443840200794813,0.0
1130,491,381,L,0.602802760928676,0.0
1131,492,382,P,0.7088475214390295,0.0
1132,493,383,I,0.5735201840619117,0.0
1133,494,384,A,0.3091403472076971,0.0
1134,495,385,Y,0.28383183434427944,0.0
1135,496,386,Q,0.15436101234051453,0.0
1137,497,387,E,0.22965906714076553,0.0
1138,498,388,L,0.46747542355155824,0.0
1140,499,389,G,0.4377745241581259,0.0
1148,500,390,S,0.34553440702781846,0.0
1149,501,391,Q,0.17297636477724326,0.0
1154,502,392,F,0.16000836645053337,0.0
1155,503,393,S,0.23405145367078017,0.0
1156,504,394,H,0.36603221083455345,0.0
1157,505,395,P,0.36331311441121106,0.0
1158,506,396,S,0.38945827232796487,0.0
1159,507,397,L,0.5925538590253085,0.0
1160,508,398,P,0.9163354946663878,0.0
1162,509,399,V,0.5676636686885589,0.0
1163,510,400,L,0.37649027400125495,0.0
1185,511,401,L,0.5063794185316879,0.0
1187,512,402,K,0.2635431918008785,0.0
1188,513,403,P,0.8502405354528342,0.0
1189,514,404,A,0.24262706546747542,0.0
1191,515,405,H,0.3241999581677473,0.0
1192,516,406,R,0.19326500732064422,0.0
1193,517,407,I,0.43484626647144947,0.0
1194,518,408,K,0.349299309767831,0.0
1195,519,409,E,0.6481907550721606,0.0
1196,520,410,L,0.15519765739385066,0.0
1197,521,411,A,0.2568500313741895,0.0
1198,522,412,D,0.27274628738757584,0.0
1199,523,413,E,0.23300564735411003,0.0
1200,524,414,N,0.14390294917381302,0.0
1201,525,415,E,0.2614515791675382,0.0
1230,526,416,-,0.17883288015059612,0.0
1231,527,417,Q,0.3762811127379209,0.0
1232,528,418,R,0.3118594436310395,0.0
1234,529,419,K,0.2240117130307467,0.0
1235,530,420,R,0.3141602175277139,0.0
1237,531,421,A,0.14745869065049153,0.0
1239,532,422,R,0.17611378372725373,0.0
1241,533,423,S,0.2574775151641916,0.0
1242,534,424,S,0.36477724325454924,0.0
1244,535,425,V,0.17695042878058984,0.0
1249,536,426,R,0.15519765739385066,0.0
1250,537,427,Y,0.3156243463710521,0.0
1252,538,428,T,0.3507634386111692,0.0
1254,539,429,F,0.4162309140347208,0.0
1256,540,430,K,0.43045387994143486,0.0
1258,541,431,T,0.19221920100397408,0.0
1260,542,432,M,0.3635222756745451,0.0
1262,543,433,K,0.6264379836854215,0.0
1263,544,434,Q,0.2587324827441958,0.0
1264,545,435,N,0.4233423969880778,0.0
1265,546,436,V,0.35160008366450535,0.0
1266,547,437,L,0.328592344697762,0.0
1267,548,438,S,0.3053754444676846,0.0
1268,549,439,S,0.4978038067349927,0.0
1269,550,440,F,0.41811336540472704,0.0
1270,551,441,L,0.3206442166910688,0.0
1271,552,442,L,0.49905877431499684,0.0
1272,553,443,V,0.42919891236143065,0.0
1273,554,444,E,0.8234678937460782,0.0
1274,555,445,L,0.29094331729763645,0.0
1275,556,446,S,0.37920937042459735,0.0
1276,557,447,G,0.8952102070696507,0.0
1280,558,448,P,0.4781426479815938,0.0
1282,559,449,L,0.2574775151641916,0.0
1284,560,450,L,0.3541100188245137,0.0
1286,561,451,G,0.3057937669943526,0.0
1287,562,452,L,0.4124660112947082,0.0
1288,563,453,K,0.26835390085756117,0.0
1289,564,454,L,0.43421878268144737,0.0
1290,565,455,L,0.23593390504078646,0.0
1291,566,456,A,0.20665132817402218,0.0
1292,567,457,R,0.40974691487136583,0.0
1293,568,458,S,0.4020079481280067,0.0
1294,569,459,L,0.36205814683120685,0.0
1295,570,460,V,0.19765739385065886,0.0
1296,571,461,P,0.6316670152687722,0.0
1299,572,462,R,0.33256640870110854,0.0
1300,573,463,R,0.2095795858606986,0.0
1304,574,464,V,0.18573520184061912,0.0
1305,575,465,G,0.25789583769085966,0.0
1307,576,466,A,0.2342606149341142,0.0
1311,577,467,F,0.19263752353064212,0.0
1318,578,468,I,0.2041413930140138,0.0
1322,579,469,R,0.2624973854842083,0.0
1328,580,470,K,0.18950010458063166,0.0
1331,581,471,L,0.30934950847103115,0.0
1334,582,472,R,0.21710939134072368,0.0
1336,583,473,K,0.19054591089730183,0.0
1339,584,474,T,0.19472913616398244,0.0
1342,0,475,-,0.3363313114411211,0.0
1345,0,476,L,0.3380046015477933,0.0
1348,0,477,-,0.2965906714076553,0.0
1351,585,478,K,0.3934323363313114,0.0
1355,586,479,P,0.4411211043714704,0.0
1357,587,480,D,0.2233842292407446,0.0
1359,588,481,T,0.47040368123823467,0.0
1362,589,482,K,0.22840409956076135,0.0
1364,590,483,L,0.3911315624346371,0.0
1365,591,484,S,0.24095377536080317,0.0
1368,592,485,L,0.4459318134281531,0.0
1371,593,486,D,0.2896883497176323,0.0
1374,594,487,-,0.2309140347207697,0.0
1377,595,488,-,0.3101861535243673,0.0
1380,596,489,-,0.28927002719096423,0.0
1381,597,490,-,0.32273582932440914,0.0
1384,599,491,-,0.32440911943108136,0.0
1485,689,492,G,0.6634595272955449,0.0
1486,690,493,F,0.4722861326082409,0.0
1487,691,494,T,0.5224848358084083,0.0
1488,692,495,L,0.2796486090775988,0.0
1489,693,496,E,0.39154988496130516,0.0
1490,694,497,E,0.6337586279021126,0.0
1491,695,498,K,0.3651955657812173,0.0
1492,696,499,V,0.4139301401380464,0.0
1493,697,500,N,0.2005856515373353,0.0
1494,698,501,Y,0.31938924911106464,0.0
1495,699,502,A,0.5302238025517674,0.0
1496,700,503,R,0.20978874712403264,0.0
1497,701,504,Q,0.34971763229449904,0.0
1498,702,505,A,0.46412884333821375,0.0
1499,703,506,L,0.8514955030328383,0.0
1500,704,507,K,0.38318343442794395,0.0
1501,705,508,A,0.24597364568081992,0.0
1502,706,509,M,0.5793766994352646,0.0
1503,707,510,G,0.6140974691487137,0.0
1504,708,511,L,0.7270445513490902,0.0
1506,709,512,T,0.6567663668688559,0.0
1512,710,513,E,0.3302656348044342,0.0
1513,711,514,N,0.1562434637105208,0.0
1516,712,515,F,0.7477515164191592,0.0
1517,713,516,A,0.7927211880359757,0.0
1524,714,517,P,0.5906714076553022,0.0
1525,715,518,L,0.6149341142020498,0.0
1526,716,519,V,0.8107090566827023,0.0
1527,717,520,V,0.5348253503451161,0.0
1528,718,521,L,0.4911106463083037,0.0
1529,719,522,C,0.31813428153106044,0.0
1530,720,523,G,0.8941644007529805,0.0
1531,721,524,H,0.9236561388830788,0.9236561388830788
1532,722,525,G,0.5814683120686049,0.0
1534,723,526,S,0.7487973227358293,0.0
1535,724,527,Q,0.3089311859443631,0.0
1536,725,528,S,0.5467475423551559,0.0
1537,726,529,T,0.2819493829742732,0.0
1538,727,530,N,0.9230286550930767,0.0
1539,728,531,N,0.9117339468730391,0.0
1540,729,532,P,0.8253503451160845,0.0
1541,730,533,Y,0.38715749843129055,0.0
1542,731,534,A,0.46078226312486925,0.0
1543,732,535,A,0.5774942480652583,0.0
1544,733,536,A,0.4898556787282995,0.0
1545,734,537,L,0.8061075088893537,0.0
1546,735,538,D,0.4967580004183225,0.0
1547,736,539,C,0.9234469776197448,0.9234469776197448
1548,737,540,G,0.9211462037230704,0.0
1549,738,541,A,0.9228194938297427,0.0
1550,739,542,C,0.9159171721397197,0.0
1551,740,543,G,0.6931604266889771,0.0
1552,741,544,G,0.910897301819703,0.0
1553,742,545,A,0.3545283413511818,0.0
1558,743,546,S,0.3068395733110228,0.0
1559,744,547,G,0.7356201631457854,0.0
1560,745,548,G,0.47709684166492367,0.0
1561,746,549,F,0.3580840828278603,0.0
1562,747,550,N,0.8473122777661577,0.0
1563,748,551,A,0.8383183434427944,0.0
1564,749,552,R,0.6954612005856515,0.0
1565,750,553,V,0.4260614934114202,0.0
1566,751,554,L,0.5768667642752562,0.0
1567,752,555,A,0.8709475005229032,0.0
1568,753,556,A,0.22965906714076553,0.0
1569,754,557,L,0.5247856097050826,0.0
1570,755,558,C,0.39154988496130516,0.0
1571,756,559,N,0.9165446559297218,0.0
1572,757,560,D,0.33591298891445304,0.0
1573,758,561,P,0.54800250993516,0.0
1574,759,562,E,0.36875130725789584,0.0
1575,760,563,V,0.8435473750261452,0.0
1576,761,564,R,0.8887262079062958,0.0
1577,762,565,E,0.2664714494875549,0.0
1578,763,566,G,0.35264588998117546,0.0
1579,764,567,L,0.8868437565362894,0.0
1580,765,568,A,0.2530851286341769,0.0
1582,766,569,A,0.24220874294080735,0.0
1583,767,570,E,0.25768667642752563,0.0
1585,768,571,G,0.8722024681029074,0.0
1586,769,572,I,0.6410792721188036,0.0
1587,770,573,V,0.12758837063375864,0.0
1588,771,574,I,0.7665760301192219,0.0
1589,772,575,P,0.8657184689395524,0.0
1590,773,576,E,0.38757582095795856,0.0
1591,774,577,D,0.5323154151851077,0.0
1592,775,578,T,0.8309976992261033,0.0
1593,776,579,V,0.3246182806944154,0.0
1594,777,580,F,0.8851704664296173,0.0
1595,778,581,A,0.2796486090775988,0.0
1596,779,582,A,0.7038276511190128,0.0
1597,780,583,A,0.7383392595691278,0.0
1598,781,584,E,0.458899811754863,0.0
1599,782,585,H,0.9098514955030328,0.0
1600,783,586,N,0.30432963815101444,0.0
1601,784,587,T,0.9219828487764066,0.0
1602,785,588,T,0.636896046852123,0.0
1603,786,589,T,0.541100188245137,0.0
1604,787,590,D,0.8506588579795022,0.0
1605,788,591,E,0.47416858397824724,0.0
1606,789,592,L,0.40033465802133444,0.0
1607,790,593,E,0.3041204768876804,0.0
1608,791,594,W,0.37418950010458063,0.0
1609,792,595,F,0.2664714494875549,0.0
1614,793,596,D,0.3752353064212508,0.0
1616,794,597,V,0.3419786655511399,0.0
1620,795,598,P,0.36603221083455345,0.0
1621,796,599,E,0.239698807780799,0.0
1627,798,600,S,0.3685421459945618,0.0
1631,799,601,E,0.23760719514745868,0.0
1633,800,602,S,0.18552604057728508,0.0
1638,801,603,A,0.41413930140138044,0.0
1642,802,604,Q,0.28717841455762394,0.0
1645,803,605,E,0.26835390085756117,0.0
1648,804,606,A,0.42543400962141814,0.0
1649,805,607,L,0.31206860489437355,0.0
1650,806,608,D,0.2706546747542355,0.0
1651,807,609,R,0.20288642543400962,0.0
1655,808,610,L,0.47479606776824934,0.0
1656,809,611,E,0.22589416440075297,0.0
1657,810,612,A,0.1836435892072788,0.0
1658,811,613,A,0.22024681029073415,0.0
1660,812,614,L,0.4672662622882242,0.0
1661,813,615,P,0.3390504078644635,0.0
1667,814,616,A,0.1631457854005438,0.0
1670,815,617,A,0.5509307676218365,0.0
1676,816,618,S,0.4340096214181134,0.0
1677,817,619,Q,0.17653210625392177,0.0
1678,818,620,H,0.20999790838736665,0.0
1679,819,621,A,0.57603011922192,0.0
1680,820,622,N,0.3624764693578749,0.0
1681,821,623,R,0.31436937879104787,0.0
1682,822,624,E,0.8230495712194101,0.0
1683,823,625,R,0.9075507216063585,0.0
1684,824,626,L,0.3773269190545911,0.0
1685,825,627,A,0.1719305584605731,0.0
1686,826,628,Q,0.21899184271072997,0.0
1687,827,629,L,0.7128215854423761,0.0
1713,828,630,P,0.540891026981803,0.0
1714,829,631,N,0.18929094331729765,0.0
1717,831,632,-,0.3262915708010876,0.0
1718,832,633,-,0.31436937879104787,0.0
1719,833,634,-,0.3018197029910061,0.0
1720,834,635,-,0.35494666387784984,0.0
1727,838,636,K,0.2336331311441121,0.0
1728,839,637,N,0.23237816356410793,0.0
1729,840,638,P,0.3047479606776825,0.0
1730,841,639,V,0.18029700899393433,0.0
1731,842,640,K,0.19138255595063794,0.0
1732,843,641,E,0.40577285086801923,0.0
1733,844,642,A,0.37983685421459945,0.0
1734,845,643,H,0.21041623091403472,0.0
1735,846,644,R,0.5848148922819494,0.0
1736,847,645,R,0.5109809663250366,0.0
1737,848,646,A,0.6576030119221921,0.0
1738,849,647,E,0.19054591089730183,0.0
1739,850,648,D,0.8324618280694416,0.0
1740,851,649,W,0.7889562852959632,0.0
1741,852,650,S,0.5523948964651747,0.0
1742,853,651,E,0.6272746287387576,0.0
1743,854,652,V,0.3089311859443631,0.0
1744,855,653,R,0.8828696925329429,0.0
1745,856,654,P,0.911106463083037,0.0
1746,857,655,E,0.9173813009830579,0.0
1747,858,656,W,0.82200376490274,0.0
1748,859,657,G,0.8144739594227149,0.0
1749,860,658,L,0.8320435055427735,0.0
1750,861,659,A,0.7860280276092868,0.0
1751,862,660,G,0.3118594436310395,0.0
1752,863,661,N,0.7966952520393223,0.0
1753,864,662,A,0.7745241581259151,0.0
1754,865,663,A,0.4294080736247647,0.0
1755,866,664,F,0.7623928048525414,0.0
1756,867,665,I,0.7086383601756955,0.0
1757,868,666,I,0.5559506379418532,0.0
1758,869,667,G,0.5919263752353064,0.0
1759,870,668,P,0.4124660112947082,0.0
1761,871,669,R,0.9115247856097051,0.0
1762,872,670,E,0.26166074043087223,0.0
1768,873,671,L,0.5180924492783936,0.0
1769,874,672,T,0.7638569336958795,0.0
1770,875,673,K,0.22547584187408493,0.0
1772,876,674,G,0.42919891236143065,0.0
1773,877,675,C,0.19012758837063376,0.0
1774,878,676,D,0.5210207069650701,0.0
1775,879,677,L,0.8696925329428989,0.0
1776,880,678,E,0.3779544028445932,0.0
1777,881,679,G,0.7833089311859444,0.0
1778,882,680,R,0.8742940807362476,0.0
1779,883,681,A,0.46977619744823257,0.0
1780,884,682,F,0.9138255595063794,0.0
1781,885,683,L,0.9010667224430036,0.0
1782,886,684,H,0.8132189918427107,0.0
1783,887,685,N,0.335703827651119,0.0
1784,888,686,Y,0.910897301819703,0.0
1785,889,687,D,0.7573729345325245,0.0
1786,890,688,W,0.6088684375653629,0.0
1787,891,689,R,0.2773478351809245,0.0
1789,892,690,Q,0.29763647772432544,0.0
1790,893,691,D,0.9196820748797323,0.0
1791,894,692,E,0.26458899811754866,0.0
1794,895,693,D,0.39970717423133234,0.0
1797,896,694,G,0.6887680401589625,0.0
1800,897,695,D,0.17611378372725373,0.0
1803,898,696,L,0.2752562225475842,0.0
1804,899,697,L,0.9119431081363731,0.0
1805,900,698,E,0.4068186571846894,0.0
1806,901,699,T,0.20665132817402218,0.0
1807,902,700,I,0.8123823467893746,0.0
1808,903,701,I,0.35703827651119013,0.0
1809,904,702,T,0.3951056264379837,0.0
1810,905,703,G,0.4532524576448442,0.0
1811,906,704,P,0.8309976992261033,0.0
1812,907,705,M,0.27232796486090777,0.0
1813,908,706,V,0.3350763438611169,0.0
1814,909,707,V,0.9157080108763856,0.0
1815,910,708,A,0.6080317925120268,0.0
1816,911,709,Q,0.48588161472495295,0.0
1817,912,710,W,0.8301610541727672,0.0
1818,913,711,I,0.917799623509726,0.0
1819,914,712,N,0.7923028655093077,0.0
1820,915,713,L,0.6454716586488183,0.0
1821,916,714,Q,0.7707592553859025,0.0
1822,917,715,Y,0.8805689186362685,0.0
1823,918,716,Y,0.6973436519556578,0.0
1824,919,717,A,0.5132817402217109,0.0
1825,920,718,S,0.897301819702991,0.0
1826,921,719,T,0.6898138464756327,0.0
1827,922,720,V,0.7255804225057519,0.0
1830,923,721,A,0.4921564526249739,0.0
1834,924,722,P,0.5915080527086384,0.0
1835,925,723,H,0.37774524158125916,0.0
1836,926,724,Y,0.23593390504078646,0.0
1837,927,725,Y,0.5289688349717633,0.0
1838,928,726,G,0.9163354946663878,0.0
1839,929,727,S,0.6586488182388621,0.0
1840,930,728,G,0.9173813009830579,0.0
1841,931,729,N,0.6134699853587116,0.0
1842,932,730,K,0.9190545910897302,0.0
1843,933,731,T,0.2773478351809245,0.0
1844,934,732,T,0.4511608450115039,0.0
1845,935,733,H,0.5224848358084083,0.0
1846,936,734,N,0.5402635431918009,0.0
1847,937,735,V,0.7774524158125915,0.0
1848,938,736,T,0.4689395523948965,0.0
1850,939,737,G,0.5308512863417695,0.0
1854,0,738,-,0.8075716377326919,0.0
1855,940,739,G,0.48692742104162307,0.0
1856,941,740,I,0.35369169629784564,0.0
1857,942,741,G,0.9062957540263543,0.0
1858,943,742,V,0.855678728299519,0.0
1859,944,743,M,0.4706128425015687,0.0
1862,945,744,Q,0.4488600711148295,0.0
1863,946,745,G,0.91800878477306,0.0
1864,947,746,N,0.7747333193892492,0.0
1865,948,747,G,0.38192846684793974,0.0
1866,949,748,S,0.4718678100815729,0.0
1867,950,749,D,0.8138464756327128,0.0
1868,951,750,L,0.9065049152896884,0.0
1869,952,751,R,0.44488600711148296,0.0
1870,953,752,T,0.21418113365404728,0.0
1871,954,753,G,0.9196820748797323,0.0
1872,955,754,L,0.9088056891863627,0.0
1873,956,755,P,0.6615770759255386,0.0
1874,957,756,W,0.5118176113783727,0.0
1876,958,757,Q,0.917799623509726,0.0
1877,959,758,S,0.7720142229659067,0.0
1878,960,759,V,0.6486090775988287,0.0
1893,961,760,M,0.3953147877013177,0.0
1894,962,761,D,0.3108136373143694,0.0
1902,963,762,G,0.36205814683120685,0.0
1911,964,763,D,0.4549257477515164,0.0
1919,965,764,R,0.27107299728090356,0.0
1922,966,765,W,0.16126333403053755,0.0
1923,967,766,Y,0.4356829115247856,0.0
1924,968,767,H,0.9192637523530642,0.0
1925,969,768,E,0.3505542773478352,0.0
1926,970,769,P,0.8655093076762184,0.0
1927,971,770,L,0.5176741267517255,0.0
1928,972,771,R,0.917590462246392,0.0
1929,973,772,L,0.8952102070696507,0.0
1930,974,773,L,0.47918845429826395,0.0
1931,975,774,V,0.5185107718050617,0.0
1932,976,775,V,0.5670361848985568,0.0
1933,977,776,I,0.6642961723488809,0.0
1934,978,777,Q,0.36205814683120685,0.0
1935,979,778,A,0.8588161472495294,0.0
1936,980,779,P,0.814892281949383,0.0
1937,981,780,R,0.18448023426061494,0.0
1938,982,781,E,0.37418950010458063,0.0
1939,983,782,Y,0.2150177787073834,0.0
1941,984,783,I,0.5235306421250784,0.0
1942,985,784,E,0.3258732482744196,0.0
1943,986,785,R,0.37167956494457227,0.0
1944,987,786,L,0.3739803388412466,0.0
1945,988,787,L,0.5710102489019033,0.0
1946,989,788,A,0.27232796486090777,0.0
1947,990,789,R,0.26124241790420416,0.0
1949,991,790,H,0.3444886007111483,0.0
1951,992,791,P,0.18803597573729344,0.0
1953,993,792,T,0.14076553022380256,0.0
1970,994,793,F,0.35766576030119224,0.0
1971,995,794,R,0.43380046015477935,0.0
1972,996,795,E,0.23405145367078017,0.0
1973,997,796,L,0.4984312905249948,0.0
1974,998,797,V,0.5180924492783936,0.0
1975,999,798,D,0.2940807362476469,0.0
1976,1000,799,N,0.7299728090357666,0.0
1977,1001,800,G,0.45597155406818657,0.0
1978,1002,801,W,0.91800878477306,0.0
1979,1003,802,L,0.4528341351181761,0.0
